State,County,FIPS
,,00000
Alabama,,01000
Alabama,Autauga,01001
Alabama,Baldwin,01003
Alabama,Barbour,01005
Alabama,Bibb,01007
Alabama,Blount,01009
Alabama,Bullock,01011
Alabama,Butler,01013
Alabama,Calhoun,01015
Alabama,Chambers,01017
Alabama,Cherokee,01019
Alabama,Chilton,01021
Alabama,Choctaw,01023
Alabama,Clarke,01025
Alabama,Clay,01027
Alabama,Cleburne,01029
Alabama,Coffee,01031
Alabama,Colbert,01033
Alabama,Conecuh,01035
Alabama,Coosa,01037
Alabama,Covington,01039
Alabama,Crenshaw,01041
Alabama,Cullman,01043
Alabama,Dale,01045
Alabama,Dallas,01047
Alabama,Dekalb,01049
Alabama,Elmore,01051
Alabama,Escambia,01053
Alabama,Etowah,01055
Alabama,Fayette,01057
Alabama,Franklin,01059
Alabama,Geneva,01061
Alabama,Greene,01063
Alabama,Hale,01065
Alabama,Henry,01067
Alabama,Houston,01069
Alabama,Jackson,01071
Alabama,Jefferson,01073
Alabama,Lamar,01075
Alabama,Lauderdale,01077
Alabama,Lawrence,01079
Alabama,Lee,01081
Alabama,Limestone,01083
Alabama,Lowndes,01085
Alabama,Macon,01087
Alabama,Madison,01089
Alabama,Marengo,01091
Alabama,Marion,01093
Alabama,Marshall,01095
Alabama,Mobile,01097
Alabama,Monroe,01099
Alabama,Montgomery,01101
Alabama,Morgan,01103
Alabama,Perry,01105
Alabama,Pickens,01107
Alabama,Pike,01109
Alabama,Randolph,01111
Alabama,Russell,01113
Alabama,St. clair,01115
Alabama,Shelby,01117
Alabama,Sumter,01119
Alabama,Talladega,01121
Alabama,Tallapoosa,01123
Alabama,Tuscaloosa,01125
Alabama,Walker,01127
Alabama,Washington,01129
Alabama,Wilcox,01131
Alabama,Winston,01133
Alaska,,02000
Alaska,Aleutians east borough,02013
Alaska,Aleutians west census area,02016
Alaska,Anchorage municipality,02020
Alaska,Bethel census area,02050
Alaska,Bristol bay borough,02060
Alaska,Denali borough,02068
Alaska,Dillingham census area,02070
Alaska,Fairbanks north star borough,02090
Alaska,Haines borough,02100
Alaska,Hoonah-angoon census area,02105
Alaska,Juneau city and borough,02110
Alaska,Kenai peninsula borough,02122
Alaska,Ketchikan gateway borough,02130
Alaska,Kodiak island borough,02150
Alaska,Kusilvak census area,02158
Alaska,Lake and peninsula borough,02164
Alaska,Matanuska-susitna borough,02170
Alaska,Nome census area,02180
Alaska,North slope borough,02185
Alaska,Northwest arctic borough,02188
Alaska,Petersburg borough,02195
Alaska,Prince of wales-hyder census area,02198
Alaska,Sitka city and borough,02220
Alaska,Skagway municipality,02230
Alaska,Southeast fairbanks census area,02240
Alaska,Valdez-cordova census area,02261
Alaska,Wrangell city and borough,02275
Alaska,Yakutat city and borough,02282
Alaska,Yukon-koyukuk census area,02290
Arizona,,04000
Arizona,Apache,04001
Arizona,Cochise,04003
Arizona,Coconino,04005
Arizona,Gila,04007
Arizona,Graham,04009
Arizona,Greenlee,04011
Arizona,La paz,04012
Arizona,Maricopa,04013
Arizona,Mohave,04015
Arizona,Navajo,04017
Arizona,Pima,04019
Arizona,Pinal,04021
Arizona,Santa cruz,04023
Arizona,Yavapai,04025
Arizona,Yuma,04027
Arkansas,,05000
Arkansas,Arkansas,05001
Arkansas,Ashley,05003
Arkansas,Baxter,05005
Arkansas,Benton,05007
Arkansas,Boone,05009
Arkansas,Bradley,05011
Arkansas,Calhoun,05013
Arkansas,Carroll,05015
Arkansas,Chicot,05017
Arkansas,Clark,05019
Arkansas,Clay,05021
Arkansas,Cleburne,05023
Arkansas,Cleveland,05025
Arkansas,Columbia,05027
Arkansas,Conway,05029
Arkansas,Craighead,05031
Arkansas,Crawford,05033
Arkansas,Crittenden,05035
Arkansas,Cross,05037
Arkansas,Dallas,05039
Arkansas,Desha,05041
Arkansas,Drew,05043
Arkansas,Faulkner,05045
Arkansas,Franklin,05047
Arkansas,Fulton,05049
Arkansas,Garland,05051
Arkansas,Grant,05053
Arkansas,Greene,05055
Arkansas,Hempstead,05057
Arkansas,Hot spring,05059
Arkansas,Howard,05061
Arkansas,Independence,05063
Arkansas,Izard,05065
Arkansas,Jackson,05067
Arkansas,Jefferson,05069
Arkansas,Johnson,05071
Arkansas,Lafayette,05073
Arkansas,Lawrence,05075
Arkansas,Lee,05077
Arkansas,Lincoln,05079
Arkansas,Little river,05081
Arkansas,Logan,05083
Arkansas,Lonoke,05085
Arkansas,Madison,05087
Arkansas,Marion,05089
Arkansas,Miller,05091
Arkansas,Mississippi,05093
Arkansas,Monroe,05095
Arkansas,Montgomery,05097
Arkansas,Nevada,05099
Arkansas,Newton,05101
Arkansas,Ouachita,05103
Arkansas,Perry,05105
Arkansas,Phillips,05107
Arkansas,Pike,05109
Arkansas,Poinsett,05111
Arkansas,Polk,05113
Arkansas,Pope,05115
Arkansas,Prairie,05117
Arkansas,Pulaski,05119
Arkansas,Randolph,05121
Arkansas,St. francis,05123
Arkansas,Saline,05125
Arkansas,Scott,05127
Arkansas,Searcy,05129
Arkansas,Sebastian,05131
Arkansas,Sevier,05133
Arkansas,Sharp,05135
Arkansas,Stone,05137
Arkansas,Union,05139
Arkansas,Van buren,05141
Arkansas,Washington,05143
Arkansas,White,05145
Arkansas,Woodruff,05147
Arkansas,Yell,05149
California,,06000
California,Alameda,06001
California,Alpine,06003
California,Amador,06005
California,Butte,06007
California,Calaveras,06009
California,Colusa,06011
California,Contra costa,06013
California,Del norte,06015
California,El dorado,06017
California,Fresno,06019
California,Glenn,06021
California,Humboldt,06023
California,Imperial,06025
California,Inyo,06027
California,Kern,06029
California,Kings,06031
California,Lake,06033
California,Lassen,06035
California,Los angeles,06037
California,Madera,06039
California,Marin,06041
California,Mariposa,06043
California,Mendocino,06045
California,Merced,06047
California,Modoc,06049
California,Mono,06051
California,Monterey,06053
California,Napa,06055
California,Nevada,06057
California,Orange,06059
California,Placer,06061
California,Plumas,06063
California,Riverside,06065
California,Sacramento,06067
California,San benito,06069
California,San bernardino,06071
California,San diego,06073
California,San francisco,06075
California,San joaquin,06077
California,San luis obispo,06079
California,San mateo,06081
California,Santa barbara,06083
California,Santa clara,06085
California,Santa cruz,06087
California,Shasta,06089
California,Sierra,06091
California,Siskiyou,06093
California,Solano,06095
California,Sonoma,06097
California,Stanislaus,06099
California,Sutter,06101
California,Tehama,06103
California,Trinity,06105
California,Tulare,06107
California,Tuolumne,06109
California,Ventura,06111
California,Yolo,06113
California,Yuba,06115
Colorado,,08000
Colorado,Adams,08001
Colorado,Alamosa,08003
Colorado,Arapahoe,08005
Colorado,Archuleta,08007
Colorado,Baca,08009
Colorado,Bent,08011
Colorado,Boulder,08013
Colorado,Broomfield,08014
Colorado,Chaffee,08015
Colorado,Cheyenne,08017
Colorado,Clear creek,08019
Colorado,Conejos,08021
Colorado,Costilla,08023
Colorado,Crowley,08025
Colorado,Custer,08027
Colorado,Delta,08029
Colorado,Denver,08031
Colorado,Dolores,08033
Colorado,Douglas,08035
Colorado,Eagle,08037
Colorado,Elbert,08039
Colorado,El paso,08041
Colorado,Fremont,08043
Colorado,Garfield,08045
Colorado,Gilpin,08047
Colorado,Grand,08049
Colorado,Gunnison,08051
Colorado,Hinsdale,08053
Colorado,Huerfano,08055
Colorado,Jackson,08057
Colorado,Jefferson,08059
Colorado,Kiowa,08061
Colorado,Kit carson,08063
Colorado,Lake,08065
Colorado,La plata,08067
Colorado,Larimer,08069
Colorado,Las animas,08071
Colorado,Lincoln,08073
Colorado,Logan,08075
Colorado,Mesa,08077
Colorado,Mineral,08079
Colorado,Moffat,08081
Colorado,Montezuma,08083
Colorado,Montrose,08085
Colorado,Morgan,08087
Colorado,Otero,08089
Colorado,Ouray,08091
Colorado,Park,08093
Colorado,Phillips,08095
Colorado,Pitkin,08097
Colorado,Prowers,08099
Colorado,Pueblo,08101
Colorado,Rio blanco,08103
Colorado,Rio grande,08105
Colorado,Routt,08107
Colorado,Saguache,08109
Colorado,San juan,08111
Colorado,San miguel,08113
Colorado,Sedgwick,08115
Colorado,Summit,08117
Colorado,Teller,08119
Colorado,Washington,08121
Colorado,Weld,08123
Colorado,Yuma,08125
Connecticut,,09000
Connecticut,Fairfield,09001
Connecticut,Hartford,09003
Connecticut,Litchfield,09005
Connecticut,Middlesex,09007
Connecticut,New haven,09009
Connecticut,New london,09011
Connecticut,Tolland,09013
Connecticut,Windham,09015
Delaware,,10000
Delaware,Kent,10001
Delaware,New castle,10003
Delaware,Sussex,10005
District of columbia,,11000
District of columbia,District of columbia,11001
Florida,,12000
Florida,Alachua,12001
Florida,Baker,12003
Florida,Bay,12005
Florida,Bradford,12007
Florida,Brevard,12009
Florida,Broward,12011
Florida,Calhoun,12013
Florida,Charlotte,12015
Florida,Citrus,12017
Florida,Clay,12019
Florida,Collier,12021
Florida,Columbia,12023
Florida,Desoto,12027
Florida,Dixie,12029
Florida,Duval,12031
Florida,Escambia,12033
Florida,Flagler,12035
Florida,Franklin,12037
Florida,Gadsden,12039
Florida,Gilchrist,12041
Florida,Glades,12043
Florida,Gulf,12045
Florida,Hamilton,12047
Florida,Hardee,12049
Florida,Hendry,12051
Florida,Hernando,12053
Florida,Highlands,12055
Florida,Hillsborough,12057
Florida,Holmes,12059
Florida,Indian river,12061
Florida,Jackson,12063
Florida,Jefferson,12065
Florida,Lafayette,12067
Florida,Lake,12069
Florida,Lee,12071
Florida,Leon,12073
Florida,Levy,12075
Florida,Liberty,12077
Florida,Madison,12079
Florida,Manatee,12081
Florida,Marion,12083
Florida,Martin,12085
Florida,Miami-dade,12086
Florida,Monroe,12087
Florida,Nassau,12089
Florida,Okaloosa,12091
Florida,Okeechobee,12093
Florida,Orange,12095
Florida,Osceola,12097
Florida,Palm beach,12099
Florida,Pasco,12101
Florida,Pinellas,12103
Florida,Polk,12105
Florida,Putnam,12107
Florida,St. johns,12109
Florida,St. lucie,12111
Florida,Santa rosa,12113
Florida,Sarasota,12115
Florida,Seminole,12117
Florida,Sumter,12119
Florida,Suwannee,12121
Florida,Taylor,12123
Florida,Union,12125
Florida,Volusia,12127
Florida,Wakulla,12129
Florida,Walton,12131
Florida,Washington,12133
Georgia,,13000
Georgia,Appling,13001
Georgia,Atkinson,13003
Georgia,Bacon,13005
Georgia,Baker,13007
Georgia,Baldwin,13009
Georgia,Banks,13011
Georgia,Barrow,13013
Georgia,Bartow,13015
Georgia,Ben hill,13017
Georgia,Berrien,13019
Georgia,Bibb,13021
Georgia,Bleckley,13023
Georgia,Brantley,13025
Georgia,Brooks,13027
Georgia,Bryan,13029
Georgia,Bulloch,13031
Georgia,Burke,13033
Georgia,Butts,13035
Georgia,Calhoun,13037
Georgia,Camden,13039
Georgia,Candler,13043
Georgia,Carroll,13045
Georgia,Catoosa,13047
Georgia,Charlton,13049
Georgia,Chatham,13051
Georgia,Chattahoochee,13053
Georgia,Chattooga,13055
Georgia,Cherokee,13057
Georgia,Clarke,13059
Georgia,Clay,13061
Georgia,Clayton,13063
Georgia,Clinch,13065
Georgia,Cobb,13067
Georgia,Coffee,13069
Georgia,Colquitt,13071
Georgia,Columbia,13073
Georgia,Cook,13075
Georgia,Coweta,13077
Georgia,Crawford,13079
Georgia,Crisp,13081
Georgia,Dade,13083
Georgia,Dawson,13085
Georgia,Decatur,13087
Georgia,Dekalb,13089
Georgia,Dodge,13091
Georgia,Dooly,13093
Georgia,Dougherty,13095
Georgia,Douglas,13097
Georgia,Early,13099
Georgia,Echols,13101
Georgia,Effingham,13103
Georgia,Elbert,13105
Georgia,Emanuel,13107
Georgia,Evans,13109
Georgia,Fannin,13111
Georgia,Fayette,13113
Georgia,Floyd,13115
Georgia,Forsyth,13117
Georgia,Franklin,13119
Georgia,Fulton,13121
Georgia,Gilmer,13123
Georgia,Glascock,13125
Georgia,Glynn,13127
Georgia,Gordon,13129
Georgia,Grady,13131
Georgia,Greene,13133
Georgia,Gwinnett,13135
Georgia,Habersham,13137
Georgia,Hall,13139
Georgia,Hancock,13141
Georgia,Haralson,13143
Georgia,Harris,13145
Georgia,Hart,13147
Georgia,Heard,13149
Georgia,Henry,13151
Georgia,Houston,13153
Georgia,Irwin,13155
Georgia,Jackson,13157
Georgia,Jasper,13159
Georgia,Jeff davis,13161
Georgia,Jefferson,13163
Georgia,Jenkins,13165
Georgia,Johnson,13167
Georgia,Jones,13169
Georgia,Lamar,13171
Georgia,Lanier,13173
Georgia,Laurens,13175
Georgia,Lee,13177
Georgia,Liberty,13179
Georgia,Lincoln,13181
Georgia,Long,13183
Georgia,Lowndes,13185
Georgia,Lumpkin,13187
Georgia,Mcduffie,13189
Georgia,Mcintosh,13191
Georgia,Macon,13193
Georgia,Madison,13195
Georgia,Marion,13197
Georgia,Meriwether,13199
Georgia,Miller,13201
Georgia,Mitchell,13205
Georgia,Monroe,13207
Georgia,Montgomery,13209
Georgia,Morgan,13211
Georgia,Murray,13213
Georgia,Muscogee,13215
Georgia,Newton,13217
Georgia,Oconee,13219
Georgia,Oglethorpe,13221
Georgia,Paulding,13223
Georgia,Peach,13225
Georgia,Pickens,13227
Georgia,Pierce,13229
Georgia,Pike,13231
Georgia,Polk,13233
Georgia,Pulaski,13235
Georgia,Putnam,13237
Georgia,Quitman,13239
Georgia,Rabun,13241
Georgia,Randolph,13243
Georgia,Richmond,13245
Georgia,Rockdale,13247
Georgia,Schley,13249
Georgia,Screven,13251
Georgia,Seminole,13253
Georgia,Spalding,13255
Georgia,Stephens,13257
Georgia,Stewart,13259
Georgia,Sumter,13261
Georgia,Talbot,13263
Georgia,Taliaferro,13265
Georgia,Tattnall,13267
Georgia,Taylor,13269
Georgia,Telfair,13271
Georgia,Terrell,13273
Georgia,Thomas,13275
Georgia,Tift,13277
Georgia,Toombs,13279
Georgia,Towns,13281
Georgia,Treutlen,13283
Georgia,Troup,13285
Georgia,Turner,13287
Georgia,Twiggs,13289
Georgia,Union,13291
Georgia,Upson,13293
Georgia,Walker,13295
Georgia,Walton,13297
Georgia,Ware,13299
Georgia,Warren,13301
Georgia,Washington,13303
Georgia,Wayne,13305
Georgia,Webster,13307
Georgia,Wheeler,13309
Georgia,White,13311
Georgia,Whitfield,13313
Georgia,Wilcox,13315
Georgia,Wilkes,13317
Georgia,Wilkinson,13319
Georgia,Worth,13321
Hawaii,,15000
Hawaii,Hawaii,15001
Hawaii,Honolulu,15003
Hawaii,Kalawao,15005
Hawaii,Kauai,15007
Hawaii,Maui,15009
Idaho,,16000
Idaho,Ada,16001
Idaho,Adams,16003
Idaho,Bannock,16005
Idaho,Bear lake,16007
Idaho,Benewah,16009
Idaho,Bingham,16011
Idaho,Blaine,16013
Idaho,Boise,16015
Idaho,Bonner,16017
Idaho,Bonneville,16019
Idaho,Boundary,16021
Idaho,Butte,16023
Idaho,Camas,16025
Idaho,Canyon,16027
Idaho,Caribou,16029
Idaho,Cassia,16031
Idaho,Clark,16033
Idaho,Clearwater,16035
Idaho,Custer,16037
Idaho,Elmore,16039
Idaho,Franklin,16041
Idaho,Fremont,16043
Idaho,Gem,16045
Idaho,Gooding,16047
Idaho,Idaho,16049
Idaho,Jefferson,16051
Idaho,Jerome,16053
Idaho,Kootenai,16055
Idaho,Latah,16057
Idaho,Lemhi,16059
Idaho,Lewis,16061
Idaho,Lincoln,16063
Idaho,Madison,16065
Idaho,Minidoka,16067
Idaho,Nez perce,16069
Idaho,Oneida,16071
Idaho,Owyhee,16073
Idaho,Payette,16075
Idaho,Power,16077
Idaho,Shoshone,16079
Idaho,Teton,16081
Idaho,Twin falls,16083
Idaho,Valley,16085
Idaho,Washington,16087
Illinois,,17000
Illinois,Adams,17001
Illinois,Alexander,17003
Illinois,Bond,17005
Illinois,Boone,17007
Illinois,Brown,17009
Illinois,Bureau,17011
Illinois,Calhoun,17013
Illinois,Carroll,17015
Illinois,Cass,17017
Illinois,Champaign,17019
Illinois,Christian,17021
Illinois,Clark,17023
Illinois,Clay,17025
Illinois,Clinton,17027
Illinois,Coles,17029
Illinois,Cook,17031
Illinois,Crawford,17033
Illinois,Cumberland,17035
Illinois,Dekalb,17037
Illinois,De witt,17039
Illinois,Douglas,17041
Illinois,Dupage,17043
Illinois,Edgar,17045
Illinois,Edwards,17047
Illinois,Effingham,17049
Illinois,Fayette,17051
Illinois,Ford,17053
Illinois,Franklin,17055
Illinois,Fulton,17057
Illinois,Gallatin,17059
Illinois,Greene,17061
Illinois,Grundy,17063
Illinois,Hamilton,17065
Illinois,Hancock,17067
Illinois,Hardin,17069
Illinois,Henderson,17071
Illinois,Henry,17073
Illinois,Iroquois,17075
Illinois,Jackson,17077
Illinois,Jasper,17079
Illinois,Jefferson,17081
Illinois,Jersey,17083
Illinois,Jo daviess,17085
Illinois,Johnson,17087
Illinois,Kane,17089
Illinois,Kankakee,17091
Illinois,Kendall,17093
Illinois,Knox,17095
Illinois,Lake,17097
Illinois,Lasalle,17099
Illinois,Lawrence,17101
Illinois,Lee,17103
Illinois,Livingston,17105
Illinois,Logan,17107
Illinois,Mcdonough,17109
Illinois,Mchenry,17111
Illinois,Mclean,17113
Illinois,Macon,17115
Illinois,Macoupin,17117
Illinois,Madison,17119
Illinois,Marion,17121
Illinois,Marshall,17123
Illinois,Mason,17125
Illinois,Massac,17127
Illinois,Menard,17129
Illinois,Mercer,17131
Illinois,Monroe,17133
Illinois,Montgomery,17135
Illinois,Morgan,17137
Illinois,Moultrie,17139
Illinois,Ogle,17141
Illinois,Peoria,17143
Illinois,Perry,17145
Illinois,Piatt,17147
Illinois,Pike,17149
Illinois,Pope,17151
Illinois,Pulaski,17153
Illinois,Putnam,17155
Illinois,Randolph,17157
Illinois,Richland,17159
Illinois,Rock island,17161
Illinois,St. clair,17163
Illinois,Saline,17165
Illinois,Sangamon,17167
Illinois,Schuyler,17169
Illinois,Scott,17171
Illinois,Shelby,17173
Illinois,Stark,17175
Illinois,Stephenson,17177
Illinois,Tazewell,17179
Illinois,Union,17181
Illinois,Vermilion,17183
Illinois,Wabash,17185
Illinois,Warren,17187
Illinois,Washington,17189
Illinois,Wayne,17191
Illinois,White,17193
Illinois,Whiteside,17195
Illinois,Will,17197
Illinois,Williamson,17199
Illinois,Winnebago,17201
Illinois,Woodford,17203
Indiana,,18000
Indiana,Adams,18001
Indiana,Allen,18003
Indiana,Bartholomew,18005
Indiana,Benton,18007
Indiana,Blackford,18009
Indiana,Boone,18011
Indiana,Brown,18013
Indiana,Carroll,18015
Indiana,Cass,18017
Indiana,Clark,18019
Indiana,Clay,18021
Indiana,Clinton,18023
Indiana,Crawford,18025
Indiana,Daviess,18027
Indiana,Dearborn,18029
Indiana,Decatur,18031
Indiana,Dekalb,18033
Indiana,Delaware,18035
Indiana,Dubois,18037
Indiana,Elkhart,18039
Indiana,Fayette,18041
Indiana,Floyd,18043
Indiana,Fountain,18045
Indiana,Franklin,18047
Indiana,Fulton,18049
Indiana,Gibson,18051
Indiana,Grant,18053
Indiana,Greene,18055
Indiana,Hamilton,18057
Indiana,Hancock,18059
Indiana,Harrison,18061
Indiana,Hendricks,18063
Indiana,Henry,18065
Indiana,Howard,18067
Indiana,Huntington,18069
Indiana,Jackson,18071
Indiana,Jasper,18073
Indiana,Jay,18075
Indiana,Jefferson,18077
Indiana,Jennings,18079
Indiana,Johnson,18081
Indiana,Knox,18083
Indiana,Kosciusko,18085
Indiana,Lagrange,18087
Indiana,Lake,18089
Indiana,Laporte,18091
Indiana,Lawrence,18093
Indiana,Madison,18095
Indiana,Marion,18097
Indiana,Marshall,18099
Indiana,Martin,18101
Indiana,Miami,18103
Indiana,Monroe,18105
Indiana,Montgomery,18107
Indiana,Morgan,18109
Indiana,Newton,18111
Indiana,Noble,18113
Indiana,Ohio,18115
Indiana,Orange,18117
Indiana,Owen,18119
Indiana,Parke,18121
Indiana,Perry,18123
Indiana,Pike,18125
Indiana,Porter,18127
Indiana,Posey,18129
Indiana,Pulaski,18131
Indiana,Putnam,18133
Indiana,Randolph,18135
Indiana,Ripley,18137
Indiana,Rush,18139
Indiana,St. joseph,18141
Indiana,Scott,18143
Indiana,Shelby,18145
Indiana,Spencer,18147
Indiana,Starke,18149
Indiana,Steuben,18151
Indiana,Sullivan,18153
Indiana,Switzerland,18155
Indiana,Tippecanoe,18157
Indiana,Tipton,18159
Indiana,Union,18161
Indiana,Vanderburgh,18163
Indiana,Vermillion,18165
Indiana,Vigo,18167
Indiana,Wabash,18169
Indiana,Warren,18171
Indiana,Warrick,18173
Indiana,Washington,18175
Indiana,Wayne,18177
Indiana,Wells,18179
Indiana,White,18181
Indiana,Whitley,18183
Iowa,,19000
Iowa,Adair,19001
Iowa,Adams,19003
Iowa,Allamakee,19005
Iowa,Appanoose,19007
Iowa,Audubon,19009
Iowa,Benton,19011
Iowa,Black hawk,19013
Iowa,Boone,19015
Iowa,Bremer,19017
Iowa,Buchanan,19019
Iowa,Buena vista,19021
Iowa,Butler,19023
Iowa,Calhoun,19025
Iowa,Carroll,19027
Iowa,Cass,19029
Iowa,Cedar,19031
Iowa,Cerro gordo,19033
Iowa,Cherokee,19035
Iowa,Chickasaw,19037
Iowa,Clarke,19039
Iowa,Clay,19041
Iowa,Clayton,19043
Iowa,Clinton,19045
Iowa,Crawford,19047
Iowa,Dallas,19049
Iowa,Davis,19051
Iowa,Decatur,19053
Iowa,Delaware,19055
Iowa,Des moines,19057
Iowa,Dickinson,19059
Iowa,Dubuque,19061
Iowa,Emmet,19063
Iowa,Fayette,19065
Iowa,Floyd,19067
Iowa,Franklin,19069
Iowa,Fremont,19071
Iowa,Greene,19073
Iowa,Grundy,19075
Iowa,Guthrie,19077
Iowa,Hamilton,19079
Iowa,Hancock,19081
Iowa,Hardin,19083
Iowa,Harrison,19085
Iowa,Henry,19087
Iowa,Howard,19089
Iowa,Humboldt,19091
Iowa,Ida,19093
Iowa,Iowa,19095
Iowa,Jackson,19097
Iowa,Jasper,19099
Iowa,Jefferson,19101
Iowa,Johnson,19103
Iowa,Jones,19105
Iowa,Keokuk,19107
Iowa,Kossuth,19109
Iowa,Lee,19111
Iowa,Linn,19113
Iowa,Louisa,19115
Iowa,Lucas,19117
Iowa,Lyon,19119
Iowa,Madison,19121
Iowa,Mahaska,19123
Iowa,Marion,19125
Iowa,Marshall,19127
Iowa,Mills,19129
Iowa,Mitchell,19131
Iowa,Monona,19133
Iowa,Monroe,19135
Iowa,Montgomery,19137
Iowa,Muscatine,19139
Iowa,O'brien,19141
Iowa,Osceola,19143
Iowa,Page,19145
Iowa,Palo alto,19147
Iowa,Plymouth,19149
Iowa,Pocahontas,19151
Iowa,Polk,19153
Iowa,Pottawattamie,19155
Iowa,Poweshiek,19157
Iowa,Ringgold,19159
Iowa,Sac,19161
Iowa,Scott,19163
Iowa,Shelby,19165
Iowa,Sioux,19167
Iowa,Story,19169
Iowa,Tama,19171
Iowa,Taylor,19173
Iowa,Union,19175
Iowa,Van buren,19177
Iowa,Wapello,19179
Iowa,Warren,19181
Iowa,Washington,19183
Iowa,Wayne,19185
Iowa,Webster,19187
Iowa,Winnebago,19189
Iowa,Winneshiek,19191
Iowa,Woodbury,19193
Iowa,Worth,19195
Iowa,Wright,19197
Kansas,,20000
Kansas,Allen,20001
Kansas,Anderson,20003
Kansas,Atchison,20005
Kansas,Barber,20007
Kansas,Barton,20009
Kansas,Bourbon,20011
Kansas,Brown,20013
Kansas,Butler,20015
Kansas,Chase,20017
Kansas,Chautauqua,20019
Kansas,Cherokee,20021
Kansas,Cheyenne,20023
Kansas,Clark,20025
Kansas,Clay,20027
Kansas,Cloud,20029
Kansas,Coffey,20031
Kansas,Comanche,20033
Kansas,Cowley,20035
Kansas,Crawford,20037
Kansas,Decatur,20039
Kansas,Dickinson,20041
Kansas,Doniphan,20043
Kansas,Douglas,20045
Kansas,Edwards,20047
Kansas,Elk,20049
Kansas,Ellis,20051
Kansas,Ellsworth,20053
Kansas,Finney,20055
Kansas,Ford,20057
Kansas,Franklin,20059
Kansas,Geary,20061
Kansas,Gove,20063
Kansas,Graham,20065
Kansas,Grant,20067
Kansas,Gray,20069
Kansas,Greeley,20071
Kansas,Greenwood,20073
Kansas,Hamilton,20075
Kansas,Harper,20077
Kansas,Harvey,20079
Kansas,Haskell,20081
Kansas,Hodgeman,20083
Kansas,Jackson,20085
Kansas,Jefferson,20087
Kansas,Jewell,20089
Kansas,Johnson,20091
Kansas,Kearny,20093
Kansas,Kingman,20095
Kansas,Kiowa,20097
Kansas,Labette,20099
Kansas,Lane,20101
Kansas,Leavenworth,20103
Kansas,Lincoln,20105
Kansas,Linn,20107
Kansas,Logan,20109
Kansas,Lyon,20111
Kansas,Mcpherson,20113
Kansas,Marion,20115
Kansas,Marshall,20117
Kansas,Meade,20119
Kansas,Miami,20121
Kansas,Mitchell,20123
Kansas,Montgomery,20125
Kansas,Morris,20127
Kansas,Morton,20129
Kansas,Nemaha,20131
Kansas,Neosho,20133
Kansas,Ness,20135
Kansas,Norton,20137
Kansas,Osage,20139
Kansas,Osborne,20141
Kansas,Ottawa,20143
Kansas,Pawnee,20145
Kansas,Phillips,20147
Kansas,Pottawatomie,20149
Kansas,Pratt,20151
Kansas,Rawlins,20153
Kansas,Reno,20155
Kansas,Republic,20157
Kansas,Rice,20159
Kansas,Riley,20161
Kansas,Rooks,20163
Kansas,Rush,20165
Kansas,Russell,20167
Kansas,Saline,20169
Kansas,Scott,20171
Kansas,Sedgwick,20173
Kansas,Seward,20175
Kansas,Shawnee,20177
Kansas,Sheridan,20179
Kansas,Sherman,20181
Kansas,Smith,20183
Kansas,Stafford,20185
Kansas,Stanton,20187
Kansas,Stevens,20189
Kansas,Sumner,20191
Kansas,Thomas,20193
Kansas,Trego,20195
Kansas,Wabaunsee,20197
Kansas,Wallace,20199
Kansas,Washington,20201
Kansas,Wichita,20203
Kansas,Wilson,20205
Kansas,Woodson,20207
Kansas,Wyandotte,20209
Kentucky,,21000
Kentucky,Adair,21001
Kentucky,Allen,21003
Kentucky,Anderson,21005
Kentucky,Ballard,21007
Kentucky,Barren,21009
Kentucky,Bath,21011
Kentucky,Bell,21013
Kentucky,Boone,21015
Kentucky,Bourbon,21017
Kentucky,Boyd,21019
Kentucky,Boyle,21021
Kentucky,Bracken,21023
Kentucky,Breathitt,21025
Kentucky,Breckinridge,21027
Kentucky,Bullitt,21029
Kentucky,Butler,21031
Kentucky,Caldwell,21033
Kentucky,Calloway,21035
Kentucky,Campbell,21037
Kentucky,Carlisle,21039
Kentucky,Carroll,21041
Kentucky,Carter,21043
Kentucky,Casey,21045
Kentucky,Christian,21047
Kentucky,Clark,21049
Kentucky,Clay,21051
Kentucky,Clinton,21053
Kentucky,Crittenden,21055
Kentucky,Cumberland,21057
Kentucky,Daviess,21059
Kentucky,Edmonson,21061
Kentucky,Elliott,21063
Kentucky,Estill,21065
Kentucky,Fayette,21067
Kentucky,Fleming,21069
Kentucky,Floyd,21071
Kentucky,Franklin,21073
Kentucky,Fulton,21075
Kentucky,Gallatin,21077
Kentucky,Garrard,21079
Kentucky,Grant,21081
Kentucky,Graves,21083
Kentucky,Grayson,21085
Kentucky,Green,21087
Kentucky,Greenup,21089
Kentucky,Hancock,21091
Kentucky,Hardin,21093
Kentucky,Harlan,21095
Kentucky,Harrison,21097
Kentucky,Hart,21099
Kentucky,Henderson,21101
Kentucky,Henry,21103
Kentucky,Hickman,21105
Kentucky,Hopkins,21107
Kentucky,Jackson,21109
Kentucky,Jefferson,21111
Kentucky,Jessamine,21113
Kentucky,Johnson,21115
Kentucky,Kenton,21117
Kentucky,Knott,21119
Kentucky,Knox,21121
Kentucky,Larue,21123
Kentucky,Laurel,21125
Kentucky,Lawrence,21127
Kentucky,Lee,21129
Kentucky,Leslie,21131
Kentucky,Letcher,21133
Kentucky,Lewis,21135
Kentucky,Lincoln,21137
Kentucky,Livingston,21139
Kentucky,Logan,21141
Kentucky,Lyon,21143
Kentucky,Mccracken,21145
Kentucky,Mccreary,21147
Kentucky,Mclean,21149
Kentucky,Madison,21151
Kentucky,Magoffin,21153
Kentucky,Marion,21155
Kentucky,Marshall,21157
Kentucky,Martin,21159
Kentucky,Mason,21161
Kentucky,Meade,21163
Kentucky,Menifee,21165
Kentucky,Mercer,21167
Kentucky,Metcalfe,21169
Kentucky,Monroe,21171
Kentucky,Montgomery,21173
Kentucky,Morgan,21175
Kentucky,Muhlenberg,21177
Kentucky,Nelson,21179
Kentucky,Nicholas,21181
Kentucky,Ohio,21183
Kentucky,Oldham,21185
Kentucky,Owen,21187
Kentucky,Owsley,21189
Kentucky,Pendleton,21191
Kentucky,Perry,21193
Kentucky,Pike,21195
Kentucky,Powell,21197
Kentucky,Pulaski,21199
Kentucky,Robertson,21201
Kentucky,Rockcastle,21203
Kentucky,Rowan,21205
Kentucky,Russell,21207
Kentucky,Scott,21209
Kentucky,Shelby,21211
Kentucky,Simpson,21213
Kentucky,Spencer,21215
Kentucky,Taylor,21217
Kentucky,Todd,21219
Kentucky,Trigg,21221
Kentucky,Trimble,21223
Kentucky,Union,21225
Kentucky,Warren,21227
Kentucky,Washington,21229
Kentucky,Wayne,21231
Kentucky,Webster,21233
Kentucky,Whitley,21235
Kentucky,Wolfe,21237
Kentucky,Woodford,21239
Louisiana,,22000
Louisiana,Acadia parish,22001
Louisiana,Allen parish,22003
Louisiana,Ascension parish,22005
Louisiana,Assumption parish,22007
Louisiana,Avoyelles parish,22009
Louisiana,Beauregard parish,22011
Louisiana,Bienville parish,22013
Louisiana,Bossier parish,22015
Louisiana,Caddo parish,22017
Louisiana,Calcasieu parish,22019
Louisiana,Caldwell parish,22021
Louisiana,Cameron parish,22023
Louisiana,Catahoula parish,22025
Louisiana,Claiborne parish,22027
Louisiana,Concordia parish,22029
Louisiana,De soto parish,22031
Louisiana,East baton rouge parish,22033
Louisiana,East carroll parish,22035
Louisiana,East feliciana parish,22037
Louisiana,Evangeline parish,22039
Louisiana,Franklin parish,22041
Louisiana,Grant parish,22043
Louisiana,Iberia parish,22045
Louisiana,Iberville parish,22047
Louisiana,Jackson parish,22049
Louisiana,Jefferson parish,22051
Louisiana,Jefferson davis parish,22053
Louisiana,Lafayette parish,22055
Louisiana,Lafourche parish,22057
Louisiana,Lasalle parish,22059
Louisiana,Lincoln parish,22061
Louisiana,Livingston parish,22063
Louisiana,Madison parish,22065
Louisiana,Morehouse parish,22067
Louisiana,Natchitoches parish,22069
Louisiana,Orleans parish,22071
Louisiana,Ouachita parish,22073
Louisiana,Plaquemines parish,22075
Louisiana,Pointe coupee parish,22077
Louisiana,Rapides parish,22079
Louisiana,Red river parish,22081
Louisiana,Richland parish,22083
Louisiana,Sabine parish,22085
Louisiana,St. bernard parish,22087
Louisiana,St. charles parish,22089
Louisiana,St. helena parish,22091
Louisiana,St. james parish,22093
Louisiana,St. john the baptist parish,22095
Louisiana,St. landry parish,22097
Louisiana,St. martin parish,22099
Louisiana,St. mary parish,22101
Louisiana,St. tammany parish,22103
Louisiana,Tangipahoa parish,22105
Louisiana,Tensas parish,22107
Louisiana,Terrebonne parish,22109
Louisiana,Union parish,22111
Louisiana,Vermilion parish,22113
Louisiana,Vernon parish,22115
Louisiana,Washington parish,22117
Louisiana,Webster parish,22119
Louisiana,West baton rouge parish,22121
Louisiana,West carroll parish,22123
Louisiana,West feliciana parish,22125
Louisiana,Winn parish,22127
Maine,,23000
Maine,Androscoggin,23001
Maine,Aroostook,23003
Maine,Cumberland,23005
Maine,Franklin,23007
Maine,Hancock,23009
Maine,Kennebec,23011
Maine,Knox,23013
Maine,Lincoln,23015
Maine,Oxford,23017
Maine,Penobscot,23019
Maine,Piscataquis,23021
Maine,Sagadahoc,23023
Maine,Somerset,23025
Maine,Waldo,23027
Maine,Washington,23029
Maine,York,23031
Maryland,,24000
Maryland,Allegany,24001
Maryland,Anne arundel,24003
Maryland,Baltimore,24005
Maryland,Calvert,24009
Maryland,Caroline,24011
Maryland,Carroll,24013
Maryland,Cecil,24015
Maryland,Charles,24017
Maryland,Dorchester,24019
Maryland,Frederick,24021
Maryland,Garrett,24023
Maryland,Harford,24025
Maryland,Howard,24027
Maryland,Kent,24029
Maryland,Montgomery,24031
Maryland,Prince george's,24033
Maryland,Queen anne's,24035
Maryland,St. mary's,24037
Maryland,Somerset,24039
Maryland,Talbot,24041
Maryland,Washington,24043
Maryland,Wicomico,24045
Maryland,Worcester,24047
Maryland,Baltimore city,24510
Massachusetts,,25000
Massachusetts,Barnstable,25001
Massachusetts,Berkshire,25003
Massachusetts,Bristol,25005
Massachusetts,Dukes,25007
Massachusetts,Essex,25009
Massachusetts,Franklin,25011
Massachusetts,Hampden,25013
Massachusetts,Hampshire,25015
Massachusetts,Middlesex,25017
Massachusetts,Nantucket,25019
Massachusetts,Norfolk,25021
Massachusetts,Plymouth,25023
Massachusetts,Suffolk,25025
Massachusetts,Worcester,25027
Michigan,,26000
Michigan,Alcona,26001
Michigan,Alger,26003
Michigan,Allegan,26005
Michigan,Alpena,26007
Michigan,Antrim,26009
Michigan,Arenac,26011
Michigan,Baraga,26013
Michigan,Barry,26015
Michigan,Bay,26017
Michigan,Benzie,26019
Michigan,Berrien,26021
Michigan,Branch,26023
Michigan,Calhoun,26025
Michigan,Cass,26027
Michigan,Charlevoix,26029
Michigan,Cheboygan,26031
Michigan,Chippewa,26033
Michigan,Clare,26035
Michigan,Clinton,26037
Michigan,Crawford,26039
Michigan,Delta,26041
Michigan,Dickinson,26043
Michigan,Eaton,26045
Michigan,Emmet,26047
Michigan,Genesee,26049
Michigan,Gladwin,26051
Michigan,Gogebic,26053
Michigan,Grand traverse,26055
Michigan,Gratiot,26057
Michigan,Hillsdale,26059
Michigan,Houghton,26061
Michigan,Huron,26063
Michigan,Ingham,26065
Michigan,Ionia,26067
Michigan,Iosco,26069
Michigan,Iron,26071
Michigan,Isabella,26073
Michigan,Jackson,26075
Michigan,Kalamazoo,26077
Michigan,Kalkaska,26079
Michigan,Kent,26081
Michigan,Keweenaw,26083
Michigan,Lake,26085
Michigan,Lapeer,26087
Michigan,Leelanau,26089
Michigan,Lenawee,26091
Michigan,Livingston,26093
Michigan,Luce,26095
Michigan,Mackinac,26097
Michigan,Macomb,26099
Michigan,Manistee,26101
Michigan,Marquette,26103
Michigan,Mason,26105
Michigan,Mecosta,26107
Michigan,Menominee,26109
Michigan,Midland,26111
Michigan,Missaukee,26113
Michigan,Monroe,26115
Michigan,Montcalm,26117
Michigan,Montmorency,26119
Michigan,Muskegon,26121
Michigan,Newaygo,26123
Michigan,Oakland,26125
Michigan,Oceana,26127
Michigan,Ogemaw,26129
Michigan,Ontonagon,26131
Michigan,Osceola,26133
Michigan,Oscoda,26135
Michigan,Otsego,26137
Michigan,Ottawa,26139
Michigan,Presque isle,26141
Michigan,Roscommon,26143
Michigan,Saginaw,26145
Michigan,St. clair,26147
Michigan,St. joseph,26149
Michigan,Sanilac,26151
Michigan,Schoolcraft,26153
Michigan,Shiawassee,26155
Michigan,Tuscola,26157
Michigan,Van buren,26159
Michigan,Washtenaw,26161
Michigan,Wayne,26163
Michigan,Wexford,26165
Minnesota,,27000
Minnesota,Aitkin,27001
Minnesota,Anoka,27003
Minnesota,Becker,27005
Minnesota,Beltrami,27007
Minnesota,Benton,27009
Minnesota,Big stone,27011
Minnesota,Blue earth,27013
Minnesota,Brown,27015
Minnesota,Carlton,27017
Minnesota,Carver,27019
Minnesota,Cass,27021
Minnesota,Chippewa,27023
Minnesota,Chisago,27025
Minnesota,Clay,27027
Minnesota,Clearwater,27029
Minnesota,Cook,27031
Minnesota,Cottonwood,27033
Minnesota,Crow wing,27035
Minnesota,Dakota,27037
Minnesota,Dodge,27039
Minnesota,Douglas,27041
Minnesota,Faribault,27043
Minnesota,Fillmore,27045
Minnesota,Freeborn,27047
Minnesota,Goodhue,27049
Minnesota,Grant,27051
Minnesota,Hennepin,27053
Minnesota,Houston,27055
Minnesota,Hubbard,27057
Minnesota,Isanti,27059
Minnesota,Itasca,27061
Minnesota,Jackson,27063
Minnesota,Kanabec,27065
Minnesota,Kandiyohi,27067
Minnesota,Kittson,27069
Minnesota,Koochiching,27071
Minnesota,Lac qui parle,27073
Minnesota,Lake,27075
Minnesota,Lake of the woods,27077
Minnesota,Le sueur,27079
Minnesota,Lincoln,27081
Minnesota,Lyon,27083
Minnesota,Mcleod,27085
Minnesota,Mahnomen,27087
Minnesota,Marshall,27089
Minnesota,Martin,27091
Minnesota,Meeker,27093
Minnesota,Mille lacs,27095
Minnesota,Morrison,27097
Minnesota,Mower,27099
Minnesota,Murray,27101
Minnesota,Nicollet,27103
Minnesota,Nobles,27105
Minnesota,Norman,27107
Minnesota,Olmsted,27109
Minnesota,Otter tail,27111
Minnesota,Pennington,27113
Minnesota,Pine,27115
Minnesota,Pipestone,27117
Minnesota,Polk,27119
Minnesota,Pope,27121
Minnesota,Ramsey,27123
Minnesota,Red lake,27125
Minnesota,Redwood,27127
Minnesota,Renville,27129
Minnesota,Rice,27131
Minnesota,Rock,27133
Minnesota,Roseau,27135
Minnesota,St. louis,27137
Minnesota,Scott,27139
Minnesota,Sherburne,27141
Minnesota,Sibley,27143
Minnesota,Stearns,27145
Minnesota,Steele,27147
Minnesota,Stevens,27149
Minnesota,Swift,27151
Minnesota,Todd,27153
Minnesota,Traverse,27155
Minnesota,Wabasha,27157
Minnesota,Wadena,27159
Minnesota,Waseca,27161
Minnesota,Washington,27163
Minnesota,Watonwan,27165
Minnesota,Wilkin,27167
Minnesota,Winona,27169
Minnesota,Wright,27171
Minnesota,Yellow medicine,27173
Mississippi,,28000
Mississippi,Adams,28001
Mississippi,Alcorn,28003
Mississippi,Amite,28005
Mississippi,Attala,28007
Mississippi,Benton,28009
Mississippi,Bolivar,28011
Mississippi,Calhoun,28013
Mississippi,Carroll,28015
Mississippi,Chickasaw,28017
Mississippi,Choctaw,28019
Mississippi,Claiborne,28021
Mississippi,Clarke,28023
Mississippi,Clay,28025
Mississippi,Coahoma,28027
Mississippi,Copiah,28029
Mississippi,Covington,28031
Mississippi,Desoto,28033
Mississippi,Forrest,28035
Mississippi,Franklin,28037
Mississippi,George,28039
Mississippi,Greene,28041
Mississippi,Grenada,28043
Mississippi,Hancock,28045
Mississippi,Harrison,28047
Mississippi,Hinds,28049
Mississippi,Holmes,28051
Mississippi,Humphreys,28053
Mississippi,Issaquena,28055
Mississippi,Itawamba,28057
Mississippi,Jackson,28059
Mississippi,Jasper,28061
Mississippi,Jefferson,28063
Mississippi,Jefferson davis,28065
Mississippi,Jones,28067
Mississippi,Kemper,28069
Mississippi,Lafayette,28071
Mississippi,Lamar,28073
Mississippi,Lauderdale,28075
Mississippi,Lawrence,28077
Mississippi,Leake,28079
Mississippi,Lee,28081
Mississippi,Leflore,28083
Mississippi,Lincoln,28085
Mississippi,Lowndes,28087
Mississippi,Madison,28089
Mississippi,Marion,28091
Mississippi,Marshall,28093
Mississippi,Monroe,28095
Mississippi,Montgomery,28097
Mississippi,Neshoba,28099
Mississippi,Newton,28101
Mississippi,Noxubee,28103
Mississippi,Oktibbeha,28105
Mississippi,Panola,28107
Mississippi,Pearl river,28109
Mississippi,Perry,28111
Mississippi,Pike,28113
Mississippi,Pontotoc,28115
Mississippi,Prentiss,28117
Mississippi,Quitman,28119
Mississippi,Rankin,28121
Mississippi,Scott,28123
Mississippi,Sharkey,28125
Mississippi,Simpson,28127
Mississippi,Smith,28129
Mississippi,Stone,28131
Mississippi,Sunflower,28133
Mississippi,Tallahatchie,28135
Mississippi,Tate,28137
Mississippi,Tippah,28139
Mississippi,Tishomingo,28141
Mississippi,Tunica,28143
Mississippi,Union,28145
Mississippi,Walthall,28147
Mississippi,Warren,28149
Mississippi,Washington,28151
Mississippi,Wayne,28153
Mississippi,Webster,28155
Mississippi,Wilkinson,28157
Mississippi,Winston,28159
Mississippi,Yalobusha,28161
Mississippi,Yazoo,28163
Missouri,,29000
Missouri,Adair,29001
Missouri,Andrew,29003
Missouri,Atchison,29005
Missouri,Audrain,29007
Missouri,Barry,29009
Missouri,Barton,29011
Missouri,Bates,29013
Missouri,Benton,29015
Missouri,Bollinger,29017
Missouri,Boone,29019
Missouri,Buchanan,29021
Missouri,Butler,29023
Missouri,Caldwell,29025
Missouri,Callaway,29027
Missouri,Camden,29029
Missouri,Cape girardeau,29031
Missouri,Carroll,29033
Missouri,Carter,29035
Missouri,Cass,29037
Missouri,Cedar,29039
Missouri,Chariton,29041
Missouri,Christian,29043
Missouri,Clark,29045
Missouri,Clay,29047
Missouri,Clinton,29049
Missouri,Cole,29051
Missouri,Cooper,29053
Missouri,Crawford,29055
Missouri,Dade,29057
Missouri,Dallas,29059
Missouri,Daviess,29061
Missouri,Dekalb,29063
Missouri,Dent,29065
Missouri,Douglas,29067
Missouri,Dunklin,29069
Missouri,Franklin,29071
Missouri,Gasconade,29073
Missouri,Gentry,29075
Missouri,Greene,29077
Missouri,Grundy,29079
Missouri,Harrison,29081
Missouri,Henry,29083
Missouri,Hickory,29085
Missouri,Holt,29087
Missouri,Howard,29089
Missouri,Howell,29091
Missouri,Iron,29093
Missouri,Jackson,29095
Missouri,Jasper,29097
Missouri,Jefferson,29099
Missouri,Johnson,29101
Missouri,Knox,29103
Missouri,Laclede,29105
Missouri,Lafayette,29107
Missouri,Lawrence,29109
Missouri,Lewis,29111
Missouri,Lincoln,29113
Missouri,Linn,29115
Missouri,Livingston,29117
Missouri,Mcdonald,29119
Missouri,Macon,29121
Missouri,Madison,29123
Missouri,Maries,29125
Missouri,Marion,29127
Missouri,Mercer,29129
Missouri,Miller,29131
Missouri,Mississippi,29133
Missouri,Moniteau,29135
Missouri,Monroe,29137
Missouri,Montgomery,29139
Missouri,Morgan,29141
Missouri,New madrid,29143
Missouri,Newton,29145
Missouri,Nodaway,29147
Missouri,Oregon,29149
Missouri,Osage,29151
Missouri,Ozark,29153
Missouri,Pemiscot,29155
Missouri,Perry,29157
Missouri,Pettis,29159
Missouri,Phelps,29161
Missouri,Pike,29163
Missouri,Platte,29165
Missouri,Polk,29167
Missouri,Pulaski,29169
Missouri,Putnam,29171
Missouri,Ralls,29173
Missouri,Randolph,29175
Missouri,Ray,29177
Missouri,Reynolds,29179
Missouri,Ripley,29181
Missouri,St. charles,29183
Missouri,St. clair,29185
Missouri,Ste. genevieve,29186
Missouri,St. francois,29187
Missouri,St. louis,29189
Missouri,Saline,29195
Missouri,Schuyler,29197
Missouri,Scotland,29199
Missouri,Scott,29201
Missouri,Shannon,29203
Missouri,Shelby,29205
Missouri,Stoddard,29207
Missouri,Stone,29209
Missouri,Sullivan,29211
Missouri,Taney,29213
Missouri,Texas,29215
Missouri,Vernon,29217
Missouri,Warren,29219
Missouri,Washington,29221
Missouri,Wayne,29223
Missouri,Webster,29225
Missouri,Worth,29227
Missouri,Wright,29229
Missouri,St. louis city,29510
Montana,,30000
Montana,Beaverhead,30001
Montana,Big horn,30003
Montana,Blaine,30005
Montana,Broadwater,30007
Montana,Carbon,30009
Montana,Carter,30011
Montana,Cascade,30013
Montana,Chouteau,30015
Montana,Custer,30017
Montana,Daniels,30019
Montana,Dawson,30021
Montana,Deer lodge,30023
Montana,Fallon,30025
Montana,Fergus,30027
Montana,Flathead,30029
Montana,Gallatin,30031
Montana,Garfield,30033
Montana,Glacier,30035
Montana,Golden valley,30037
Montana,Granite,30039
Montana,Hill,30041
Montana,Jefferson,30043
Montana,Judith basin,30045
Montana,Lake,30047
Montana,Lewis and clark,30049
Montana,Liberty,30051
Montana,Lincoln,30053
Montana,Mccone,30055
Montana,Madison,30057
Montana,Meagher,30059
Montana,Mineral,30061
Montana,Missoula,30063
Montana,Musselshell,30065
Montana,Park,30067
Montana,Petroleum,30069
Montana,Phillips,30071
Montana,Pondera,30073
Montana,Powder river,30075
Montana,Powell,30077
Montana,Prairie,30079
Montana,Ravalli,30081
Montana,Richland,30083
Montana,Roosevelt,30085
Montana,Rosebud,30087
Montana,Sanders,30089
Montana,Sheridan,30091
Montana,Silver bow,30093
Montana,Stillwater,30095
Montana,Sweet grass,30097
Montana,Teton,30099
Montana,Toole,30101
Montana,Treasure,30103
Montana,Valley,30105
Montana,Wheatland,30107
Montana,Wibaux,30109
Montana,Yellowstone,30111
Nebraska,,31000
Nebraska,Adams,31001
Nebraska,Antelope,31003
Nebraska,Arthur,31005
Nebraska,Banner,31007
Nebraska,Blaine,31009
Nebraska,Boone,31011
Nebraska,Box butte,31013
Nebraska,Boyd,31015
Nebraska,Brown,31017
Nebraska,Buffalo,31019
Nebraska,Burt,31021
Nebraska,Butler,31023
Nebraska,Cass,31025
Nebraska,Cedar,31027
Nebraska,Chase,31029
Nebraska,Cherry,31031
Nebraska,Cheyenne,31033
Nebraska,Clay,31035
Nebraska,Colfax,31037
Nebraska,Cuming,31039
Nebraska,Custer,31041
Nebraska,Dakota,31043
Nebraska,Dawes,31045
Nebraska,Dawson,31047
Nebraska,Deuel,31049
Nebraska,Dixon,31051
Nebraska,Dodge,31053
Nebraska,Douglas,31055
Nebraska,Dundy,31057
Nebraska,Fillmore,31059
Nebraska,Franklin,31061
Nebraska,Frontier,31063
Nebraska,Furnas,31065
Nebraska,Gage,31067
Nebraska,Garden,31069
Nebraska,Garfield,31071
Nebraska,Gosper,31073
Nebraska,Grant,31075
Nebraska,Greeley,31077
Nebraska,Hall,31079
Nebraska,Hamilton,31081
Nebraska,Harlan,31083
Nebraska,Hayes,31085
Nebraska,Hitchcock,31087
Nebraska,Holt,31089
Nebraska,Hooker,31091
Nebraska,Howard,31093
Nebraska,Jefferson,31095
Nebraska,Johnson,31097
Nebraska,Kearney,31099
Nebraska,Keith,31101
Nebraska,Keya paha,31103
Nebraska,Kimball,31105
Nebraska,Knox,31107
Nebraska,Lancaster,31109
Nebraska,Lincoln,31111
Nebraska,Logan,31113
Nebraska,Loup,31115
Nebraska,Mcpherson,31117
Nebraska,Madison,31119
Nebraska,Merrick,31121
Nebraska,Morrill,31123
Nebraska,Nance,31125
Nebraska,Nemaha,31127
Nebraska,Nuckolls,31129
Nebraska,Otoe,31131
Nebraska,Pawnee,31133
Nebraska,Perkins,31135
Nebraska,Phelps,31137
Nebraska,Pierce,31139
Nebraska,Platte,31141
Nebraska,Polk,31143
Nebraska,Red willow,31145
Nebraska,Richardson,31147
Nebraska,Rock,31149
Nebraska,Saline,31151
Nebraska,Sarpy,31153
Nebraska,Saunders,31155
Nebraska,Scotts bluff,31157
Nebraska,Seward,31159
Nebraska,Sheridan,31161
Nebraska,Sherman,31163
Nebraska,Sioux,31165
Nebraska,Stanton,31167
Nebraska,Thayer,31169
Nebraska,Thomas,31171
Nebraska,Thurston,31173
Nebraska,Valley,31175
Nebraska,Washington,31177
Nebraska,Wayne,31179
Nebraska,Webster,31181
Nebraska,Wheeler,31183
Nebraska,York,31185
Nevada,,32000
Nevada,Churchill,32001
Nevada,Clark,32003
Nevada,Douglas,32005
Nevada,Elko,32007
Nevada,Esmeralda,32009
Nevada,Eureka,32011
Nevada,Humboldt,32013
Nevada,Lander,32015
Nevada,Lincoln,32017
Nevada,Lyon,32019
Nevada,Mineral,32021
Nevada,Nye,32023
Nevada,Pershing,32027
Nevada,Storey,32029
Nevada,Washoe,32031
Nevada,White pine,32033
Nevada,Carson city,32510
New hampshire,,33000
New hampshire,Belknap,33001
New hampshire,Carroll,33003
New hampshire,Cheshire,33005
New hampshire,Coos,33007
New hampshire,Grafton,33009
New hampshire,Hillsborough,33011
New hampshire,Merrimack,33013
New hampshire,Rockingham,33015
New hampshire,Strafford,33017
New hampshire,Sullivan,33019
New jersey,,34000
New jersey,Atlantic,34001
New jersey,Bergen,34003
New jersey,Burlington,34005
New jersey,Camden,34007
New jersey,Cape may,34009
New jersey,Cumberland,34011
New jersey,Essex,34013
New jersey,Gloucester,34015
New jersey,Hudson,34017
New jersey,Hunterdon,34019
New jersey,Mercer,34021
New jersey,Middlesex,34023
New jersey,Monmouth,34025
New jersey,Morris,34027
New jersey,Ocean,34029
New jersey,Passaic,34031
New jersey,Salem,34033
New jersey,Somerset,34035
New jersey,Sussex,34037
New jersey,Union,34039
New jersey,Warren,34041
New mexico,,35000
New mexico,Bernalillo,35001
New mexico,Catron,35003
New mexico,Chaves,35005
New mexico,Cibola,35006
New mexico,Colfax,35007
New mexico,Curry,35009
New mexico,De baca,35011
New mexico,Doña ana,35013
New mexico,Eddy,35015
New mexico,Grant,35017
New mexico,Guadalupe,35019
New mexico,Harding,35021
New mexico,Hidalgo,35023
New mexico,Lea,35025
New mexico,Lincoln,35027
New mexico,Los alamos,35028
New mexico,Luna,35029
New mexico,Mckinley,35031
New mexico,Mora,35033
New mexico,Otero,35035
New mexico,Quay,35037
New mexico,Rio arriba,35039
New mexico,Roosevelt,35041
New mexico,Sandoval,35043
New mexico,San juan,35045
New mexico,San miguel,35047
New mexico,Santa fe,35049
New mexico,Sierra,35051
New mexico,Socorro,35053
New mexico,Taos,35055
New mexico,Torrance,35057
New mexico,Union,35059
New mexico,Valencia,35061
New york,,36000
New york,Albany,36001
New york,Allegany,36003
New york,Bronx,36005
New york,Broome,36007
New york,Cattaraugus,36009
New york,Cayuga,36011
New york,Chautauqua,36013
New york,Chemung,36015
New york,Chenango,36017
New york,Clinton,36019
New york,Columbia,36021
New york,Cortland,36023
New york,Delaware,36025
New york,Dutchess,36027
New york,Erie,36029
New york,Essex,36031
New york,Franklin,36033
New york,Fulton,36035
New york,Genesee,36037
New york,Greene,36039
New york,Hamilton,36041
New york,Herkimer,36043
New york,Jefferson,36045
New york,Kings,36047
New york,Lewis,36049
New york,Livingston,36051
New york,Madison,36053
New york,Monroe,36055
New york,Montgomery,36057
New york,Nassau,36059
New york,New york,36061
New york,Niagara,36063
New york,Oneida,36065
New york,Onondaga,36067
New york,Ontario,36069
New york,Orange,36071
New york,Orleans,36073
New york,Oswego,36075
New york,Otsego,36077
New york,Putnam,36079
New york,Queens,36081
New york,Rensselaer,36083
New york,Richmond,36085
New york,Rockland,36087
New york,St. lawrence,36089
New york,Saratoga,36091
New york,Schenectady,36093
New york,Schoharie,36095
New york,Schuyler,36097
New york,Seneca,36099
New york,Steuben,36101
New york,Suffolk,36103
New york,Sullivan,36105
New york,Tioga,36107
New york,Tompkins,36109
New york,Ulster,36111
New york,Warren,36113
New york,Washington,36115
New york,Wayne,36117
New york,Westchester,36119
New york,Wyoming,36121
New york,Yates,36123
North carolina,,37000
North carolina,Alamance,37001
North carolina,Alexander,37003
North carolina,Alleghany,37005
North carolina,Anson,37007
North carolina,Ashe,37009
North carolina,Avery,37011
North carolina,Beaufort,37013
North carolina,Bertie,37015
North carolina,Bladen,37017
North carolina,Brunswick,37019
North carolina,Buncombe,37021
North carolina,Burke,37023
North carolina,Cabarrus,37025
North carolina,Caldwell,37027
North carolina,Camden,37029
North carolina,Carteret,37031
North carolina,Caswell,37033
North carolina,Catawba,37035
North carolina,Chatham,37037
North carolina,Cherokee,37039
North carolina,Chowan,37041
North carolina,Clay,37043
North carolina,Cleveland,37045
North carolina,Columbus,37047
North carolina,Craven,37049
North carolina,Cumberland,37051
North carolina,Currituck,37053
North carolina,Dare,37055
North carolina,Davidson,37057
North carolina,Davie,37059
North carolina,Duplin,37061
North carolina,Durham,37063
North carolina,Edgecombe,37065
North carolina,Forsyth,37067
North carolina,Franklin,37069
North carolina,Gaston,37071
North carolina,Gates,37073
North carolina,Graham,37075
North carolina,Granville,37077
North carolina,Greene,37079
North carolina,Guilford,37081
North carolina,Halifax,37083
North carolina,Harnett,37085
North carolina,Haywood,37087
North carolina,Henderson,37089
North carolina,Hertford,37091
North carolina,Hoke,37093
North carolina,Hyde,37095
North carolina,Iredell,37097
North carolina,Jackson,37099
North carolina,Johnston,37101
North carolina,Jones,37103
North carolina,Lee,37105
North carolina,Lenoir,37107
North carolina,Lincoln,37109
North carolina,Mcdowell,37111
North carolina,Macon,37113
North carolina,Madison,37115
North carolina,Martin,37117
North carolina,Mecklenburg,37119
North carolina,Mitchell,37121
North carolina,Montgomery,37123
North carolina,Moore,37125
North carolina,Nash,37127
North carolina,New hanover,37129
North carolina,Northampton,37131
North carolina,Onslow,37133
North carolina,Orange,37135
North carolina,Pamlico,37137
North carolina,Pasquotank,37139
North carolina,Pender,37141
North carolina,Perquimans,37143
North carolina,Person,37145
North carolina,Pitt,37147
North carolina,Polk,37149
North carolina,Randolph,37151
North carolina,Richmond,37153
North carolina,Robeson,37155
North carolina,Rockingham,37157
North carolina,Rowan,37159
North carolina,Rutherford,37161
North carolina,Sampson,37163
North carolina,Scotland,37165
North carolina,Stanly,37167
North carolina,Stokes,37169
North carolina,Surry,37171
North carolina,Swain,37173
North carolina,Transylvania,37175
North carolina,Tyrrell,37177
North carolina,Union,37179
North carolina,Vance,37181
North carolina,Wake,37183
North carolina,Warren,37185
North carolina,Washington,37187
North carolina,Watauga,37189
North carolina,Wayne,37191
North carolina,Wilkes,37193
North carolina,Wilson,37195
North carolina,Yadkin,37197
North carolina,Yancey,37199
North dakota,,38000
North dakota,Adams,38001
North dakota,Barnes,38003
North dakota,Benson,38005
North dakota,Billings,38007
North dakota,Bottineau,38009
North dakota,Bowman,38011
North dakota,Burke,38013
North dakota,Burleigh,38015
North dakota,Cass,38017
North dakota,Cavalier,38019
North dakota,Dickey,38021
North dakota,Divide,38023
North dakota,Dunn,38025
North dakota,Eddy,38027
North dakota,Emmons,38029
North dakota,Foster,38031
North dakota,Golden valley,38033
North dakota,Grand forks,38035
North dakota,Grant,38037
North dakota,Griggs,38039
North dakota,Hettinger,38041
North dakota,Kidder,38043
North dakota,Lamoure,38045
North dakota,Logan,38047
North dakota,Mchenry,38049
North dakota,Mcintosh,38051
North dakota,Mckenzie,38053
North dakota,Mclean,38055
North dakota,Mercer,38057
North dakota,Morton,38059
North dakota,Mountrail,38061
North dakota,Nelson,38063
North dakota,Oliver,38065
North dakota,Pembina,38067
North dakota,Pierce,38069
North dakota,Ramsey,38071
North dakota,Ransom,38073
North dakota,Renville,38075
North dakota,Richland,38077
North dakota,Rolette,38079
North dakota,Sargent,38081
North dakota,Sheridan,38083
North dakota,Sioux,38085
North dakota,Slope,38087
North dakota,Stark,38089
North dakota,Steele,38091
North dakota,Stutsman,38093
North dakota,Towner,38095
North dakota,Traill,38097
North dakota,Walsh,38099
North dakota,Ward,38101
North dakota,Wells,38103
North dakota,Williams,38105
Ohio,,39000
Ohio,Adams,39001
Ohio,Allen,39003
Ohio,Ashland,39005
Ohio,Ashtabula,39007
Ohio,Athens,39009
Ohio,Auglaize,39011
Ohio,Belmont,39013
Ohio,Brown,39015
Ohio,Butler,39017
Ohio,Carroll,39019
Ohio,Champaign,39021
Ohio,Clark,39023
Ohio,Clermont,39025
Ohio,Clinton,39027
Ohio,Columbiana,39029
Ohio,Coshocton,39031
Ohio,Crawford,39033
Ohio,Cuyahoga,39035
Ohio,Darke,39037
Ohio,Defiance,39039
Ohio,Delaware,39041
Ohio,Erie,39043
Ohio,Fairfield,39045
Ohio,Fayette,39047
Ohio,Franklin,39049
Ohio,Fulton,39051
Ohio,Gallia,39053
Ohio,Geauga,39055
Ohio,Greene,39057
Ohio,Guernsey,39059
Ohio,Hamilton,39061
Ohio,Hancock,39063
Ohio,Hardin,39065
Ohio,Harrison,39067
Ohio,Henry,39069
Ohio,Highland,39071
Ohio,Hocking,39073
Ohio,Holmes,39075
Ohio,Huron,39077
Ohio,Jackson,39079
Ohio,Jefferson,39081
Ohio,Knox,39083
Ohio,Lake,39085
Ohio,Lawrence,39087
Ohio,Licking,39089
Ohio,Logan,39091
Ohio,Lorain,39093
Ohio,Lucas,39095
Ohio,Madison,39097
Ohio,Mahoning,39099
Ohio,Marion,39101
Ohio,Medina,39103
Ohio,Meigs,39105
Ohio,Mercer,39107
Ohio,Miami,39109
Ohio,Monroe,39111
Ohio,Montgomery,39113
Ohio,Morgan,39115
Ohio,Morrow,39117
Ohio,Muskingum,39119
Ohio,Noble,39121
Ohio,Ottawa,39123
Ohio,Paulding,39125
Ohio,Perry,39127
Ohio,Pickaway,39129
Ohio,Pike,39131
Ohio,Portage,39133
Ohio,Preble,39135
Ohio,Putnam,39137
Ohio,Richland,39139
Ohio,Ross,39141
Ohio,Sandusky,39143
Ohio,Scioto,39145
Ohio,Seneca,39147
Ohio,Shelby,39149
Ohio,Stark,39151
Ohio,Summit,39153
Ohio,Trumbull,39155
Ohio,Tuscarawas,39157
Ohio,Union,39159
Ohio,Van wert,39161
Ohio,Vinton,39163
Ohio,Warren,39165
Ohio,Washington,39167
Ohio,Wayne,39169
Ohio,Williams,39171
Ohio,Wood,39173
Ohio,Wyandot,39175
Oklahoma,,40000
Oklahoma,Adair,40001
Oklahoma,Alfalfa,40003
Oklahoma,Atoka,40005
Oklahoma,Beaver,40007
Oklahoma,Beckham,40009
Oklahoma,Blaine,40011
Oklahoma,Bryan,40013
Oklahoma,Caddo,40015
Oklahoma,Canadian,40017
Oklahoma,Carter,40019
Oklahoma,Cherokee,40021
Oklahoma,Choctaw,40023
Oklahoma,Cimarron,40025
Oklahoma,Cleveland,40027
Oklahoma,Coal,40029
Oklahoma,Comanche,40031
Oklahoma,Cotton,40033
Oklahoma,Craig,40035
Oklahoma,Creek,40037
Oklahoma,Custer,40039
Oklahoma,Delaware,40041
Oklahoma,Dewey,40043
Oklahoma,Ellis,40045
Oklahoma,Garfield,40047
Oklahoma,Garvin,40049
Oklahoma,Grady,40051
Oklahoma,Grant,40053
Oklahoma,Greer,40055
Oklahoma,Harmon,40057
Oklahoma,Harper,40059
Oklahoma,Haskell,40061
Oklahoma,Hughes,40063
Oklahoma,Jackson,40065
Oklahoma,Jefferson,40067
Oklahoma,Johnston,40069
Oklahoma,Kay,40071
Oklahoma,Kingfisher,40073
Oklahoma,Kiowa,40075
Oklahoma,Latimer,40077
Oklahoma,Le flore,40079
Oklahoma,Lincoln,40081
Oklahoma,Logan,40083
Oklahoma,Love,40085
Oklahoma,Mcclain,40087
Oklahoma,Mccurtain,40089
Oklahoma,Mcintosh,40091
Oklahoma,Major,40093
Oklahoma,Marshall,40095
Oklahoma,Mayes,40097
Oklahoma,Murray,40099
Oklahoma,Muskogee,40101
Oklahoma,Noble,40103
Oklahoma,Nowata,40105
Oklahoma,Okfuskee,40107
Oklahoma,Oklahoma,40109
Oklahoma,Okmulgee,40111
Oklahoma,Osage,40113
Oklahoma,Ottawa,40115
Oklahoma,Pawnee,40117
Oklahoma,Payne,40119
Oklahoma,Pittsburg,40121
Oklahoma,Pontotoc,40123
Oklahoma,Pottawatomie,40125
Oklahoma,Pushmataha,40127
Oklahoma,Roger mills,40129
Oklahoma,Rogers,40131
Oklahoma,Seminole,40133
Oklahoma,Sequoyah,40135
Oklahoma,Stephens,40137
Oklahoma,Texas,40139
Oklahoma,Tillman,40141
Oklahoma,Tulsa,40143
Oklahoma,Wagoner,40145
Oklahoma,Washington,40147
Oklahoma,Washita,40149
Oklahoma,Woods,40151
Oklahoma,Woodward,40153
Oregon,,41000
Oregon,Baker,41001
Oregon,Benton,41003
Oregon,Clackamas,41005
Oregon,Clatsop,41007
Oregon,Columbia,41009
Oregon,Coos,41011
Oregon,Crook,41013
Oregon,Curry,41015
Oregon,Deschutes,41017
Oregon,Douglas,41019
Oregon,Gilliam,41021
Oregon,Grant,41023
Oregon,Harney,41025
Oregon,Hood river,41027
Oregon,Jackson,41029
Oregon,Jefferson,41031
Oregon,Josephine,41033
Oregon,Klamath,41035
Oregon,Lake,41037
Oregon,Lane,41039
Oregon,Lincoln,41041
Oregon,Linn,41043
Oregon,Malheur,41045
Oregon,Marion,41047
Oregon,Morrow,41049
Oregon,Multnomah,41051
Oregon,Polk,41053
Oregon,Sherman,41055
Oregon,Tillamook,41057
Oregon,Umatilla,41059
Oregon,Union,41061
Oregon,Wallowa,41063
Oregon,Wasco,41065
Oregon,Washington,41067
Oregon,Wheeler,41069
Oregon,Yamhill,41071
Pennsylvania,,42000
Pennsylvania,Adams,42001
Pennsylvania,Allegheny,42003
Pennsylvania,Armstrong,42005
Pennsylvania,Beaver,42007
Pennsylvania,Bedford,42009
Pennsylvania,Berks,42011
Pennsylvania,Blair,42013
Pennsylvania,Bradford,42015
Pennsylvania,Bucks,42017
Pennsylvania,Butler,42019
Pennsylvania,Cambria,42021
Pennsylvania,Cameron,42023
Pennsylvania,Carbon,42025
Pennsylvania,Centre,42027
Pennsylvania,Chester,42029
Pennsylvania,Clarion,42031
Pennsylvania,Clearfield,42033
Pennsylvania,Clinton,42035
Pennsylvania,Columbia,42037
Pennsylvania,Crawford,42039
Pennsylvania,Cumberland,42041
Pennsylvania,Dauphin,42043
Pennsylvania,Delaware,42045
Pennsylvania,Elk,42047
Pennsylvania,Erie,42049
Pennsylvania,Fayette,42051
Pennsylvania,Forest,42053
Pennsylvania,Franklin,42055
Pennsylvania,Fulton,42057
Pennsylvania,Greene,42059
Pennsylvania,Huntingdon,42061
Pennsylvania,Indiana,42063
Pennsylvania,Jefferson,42065
Pennsylvania,Juniata,42067
Pennsylvania,Lackawanna,42069
Pennsylvania,Lancaster,42071
Pennsylvania,Lawrence,42073
Pennsylvania,Lebanon,42075
Pennsylvania,Lehigh,42077
Pennsylvania,Luzerne,42079
Pennsylvania,Lycoming,42081
Pennsylvania,Mckean,42083
Pennsylvania,Mercer,42085
Pennsylvania,Mifflin,42087
Pennsylvania,Monroe,42089
Pennsylvania,Montgomery,42091
Pennsylvania,Montour,42093
Pennsylvania,Northampton,42095
Pennsylvania,Northumberland,42097
Pennsylvania,Perry,42099
Pennsylvania,Philadelphia,42101
Pennsylvania,Pike,42103
Pennsylvania,Potter,42105
Pennsylvania,Schuylkill,42107
Pennsylvania,Snyder,42109
Pennsylvania,Somerset,42111
Pennsylvania,Sullivan,42113
Pennsylvania,Susquehanna,42115
Pennsylvania,Tioga,42117
Pennsylvania,Union,42119
Pennsylvania,Venango,42121
Pennsylvania,Warren,42123
Pennsylvania,Washington,42125
Pennsylvania,Wayne,42127
Pennsylvania,Westmoreland,42129
Pennsylvania,Wyoming,42131
Pennsylvania,York,42133
Rhode island,,44000
Rhode island,Bristol,44001
Rhode island,Kent,44003
Rhode island,Newport,44005
Rhode island,Providence,44007
Rhode island,Washington,44009
South carolina,,45000
South carolina,Abbeville,45001
South carolina,Aiken,45003
South carolina,Allendale,45005
South carolina,Anderson,45007
South carolina,Bamberg,45009
South carolina,Barnwell,45011
South carolina,Beaufort,45013
South carolina,Berkeley,45015
South carolina,Calhoun,45017
South carolina,Charleston,45019
South carolina,Cherokee,45021
South carolina,Chester,45023
South carolina,Chesterfield,45025
South carolina,Clarendon,45027
South carolina,Colleton,45029
South carolina,Darlington,45031
South carolina,Dillon,45033
South carolina,Dorchester,45035
South carolina,Edgefield,45037
South carolina,Fairfield,45039
South carolina,Florence,45041
South carolina,Georgetown,45043
South carolina,Greenville,45045
South carolina,Greenwood,45047
South carolina,Hampton,45049
South carolina,Horry,45051
South carolina,Jasper,45053
South carolina,Kershaw,45055
South carolina,Lancaster,45057
South carolina,Laurens,45059
South carolina,Lee,45061
South carolina,Lexington,45063
South carolina,Mccormick,45065
South carolina,Marion,45067
South carolina,Marlboro,45069
South carolina,Newberry,45071
South carolina,Oconee,45073
South carolina,Orangeburg,45075
South carolina,Pickens,45077
South carolina,Richland,45079
South carolina,Saluda,45081
South carolina,Spartanburg,45083
South carolina,Sumter,45085
South carolina,Union,45087
South carolina,Williamsburg,45089
South carolina,York,45091
South dakota,,46000
South dakota,Aurora,46003
South dakota,Beadle,46005
South dakota,Bennett,46007
South dakota,Bon homme,46009
South dakota,Brookings,46011
South dakota,Brown,46013
South dakota,Brule,46015
South dakota,Buffalo,46017
South dakota,Butte,46019
South dakota,Campbell,46021
South dakota,Charles mix,46023
South dakota,Clark,46025
South dakota,Clay,46027
South dakota,Codington,46029
South dakota,Corson,46031
South dakota,Custer,46033
South dakota,Davison,46035
South dakota,Day,46037
South dakota,Deuel,46039
South dakota,Dewey,46041
South dakota,Douglas,46043
South dakota,Edmunds,46045
South dakota,Fall river,46047
South dakota,Faulk,46049
South dakota,Grant,46051
South dakota,Gregory,46053
South dakota,Haakon,46055
South dakota,Hamlin,46057
South dakota,Hand,46059
South dakota,Hanson,46061
South dakota,Harding,46063
South dakota,Hughes,46065
South dakota,Hutchinson,46067
South dakota,Hyde,46069
South dakota,Jackson,46071
South dakota,Jerauld,46073
South dakota,Jones,46075
South dakota,Kingsbury,46077
South dakota,Lake,46079
South dakota,Lawrence,46081
South dakota,Lincoln,46083
South dakota,Lyman,46085
South dakota,Mccook,46087
South dakota,Mcpherson,46089
South dakota,Marshall,46091
South dakota,Meade,46093
South dakota,Mellette,46095
South dakota,Miner,46097
South dakota,Minnehaha,46099
South dakota,Moody,46101
South dakota,Oglala lakota,46102
South dakota,Pennington,46103
South dakota,Perkins,46105
South dakota,Potter,46107
South dakota,Roberts,46109
South dakota,Sanborn,46111
South dakota,Spink,46115
South dakota,Stanley,46117
South dakota,Sully,46119
South dakota,Todd,46121
South dakota,Tripp,46123
South dakota,Turner,46125
South dakota,Union,46127
South dakota,Walworth,46129
South dakota,Yankton,46135
South dakota,Ziebach,46137
Tennessee,,47000
Tennessee,Anderson,47001
Tennessee,Bedford,47003
Tennessee,Benton,47005
Tennessee,Bledsoe,47007
Tennessee,Blount,47009
Tennessee,Bradley,47011
Tennessee,Campbell,47013
Tennessee,Cannon,47015
Tennessee,Carroll,47017
Tennessee,Carter,47019
Tennessee,Cheatham,47021
Tennessee,Chester,47023
Tennessee,Claiborne,47025
Tennessee,Clay,47027
Tennessee,Cocke,47029
Tennessee,Coffee,47031
Tennessee,Crockett,47033
Tennessee,Cumberland,47035
Tennessee,Davidson,47037
Tennessee,Decatur,47039
Tennessee,Dekalb,47041
Tennessee,Dickson,47043
Tennessee,Dyer,47045
Tennessee,Fayette,47047
Tennessee,Fentress,47049
Tennessee,Franklin,47051
Tennessee,Gibson,47053
Tennessee,Giles,47055
Tennessee,Grainger,47057
Tennessee,Greene,47059
Tennessee,Grundy,47061
Tennessee,Hamblen,47063
Tennessee,Hamilton,47065
Tennessee,Hancock,47067
Tennessee,Hardeman,47069
Tennessee,Hardin,47071
Tennessee,Hawkins,47073
Tennessee,Haywood,47075
Tennessee,Henderson,47077
Tennessee,Henry,47079
Tennessee,Hickman,47081
Tennessee,Houston,47083
Tennessee,Humphreys,47085
Tennessee,Jackson,47087
Tennessee,Jefferson,47089
Tennessee,Johnson,47091
Tennessee,Knox,47093
Tennessee,Lake,47095
Tennessee,Lauderdale,47097
Tennessee,Lawrence,47099
Tennessee,Lewis,47101
Tennessee,Lincoln,47103
Tennessee,Loudon,47105
Tennessee,Mcminn,47107
Tennessee,Mcnairy,47109
Tennessee,Macon,47111
Tennessee,Madison,47113
Tennessee,Marion,47115
Tennessee,Marshall,47117
Tennessee,Maury,47119
Tennessee,Meigs,47121
Tennessee,Monroe,47123
Tennessee,Montgomery,47125
Tennessee,Moore,47127
Tennessee,Morgan,47129
Tennessee,Obion,47131
Tennessee,Overton,47133
Tennessee,Perry,47135
Tennessee,Pickett,47137
Tennessee,Polk,47139
Tennessee,Putnam,47141
Tennessee,Rhea,47143
Tennessee,Roane,47145
Tennessee,Robertson,47147
Tennessee,Rutherford,47149
Tennessee,Scott,47151
Tennessee,Sequatchie,47153
Tennessee,Sevier,47155
Tennessee,Shelby,47157
Tennessee,Smith,47159
Tennessee,Stewart,47161
Tennessee,Sullivan,47163
Tennessee,Sumner,47165
Tennessee,Tipton,47167
Tennessee,Trousdale,47169
Tennessee,Unicoi,47171
Tennessee,Union,47173
Tennessee,Van buren,47175
Tennessee,Warren,47177
Tennessee,Washington,47179
Tennessee,Wayne,47181
Tennessee,Weakley,47183
Tennessee,White,47185
Tennessee,Williamson,47187
Tennessee,Wilson,47189
Texas,,48000
Texas,Anderson,48001
Texas,Andrews,48003
Texas,Angelina,48005
Texas,Aransas,48007
Texas,Archer,48009
Texas,Armstrong,48011
Texas,Atascosa,48013
Texas,Austin,48015
Texas,Bailey,48017
Texas,Bandera,48019
Texas,Bastrop,48021
Texas,Baylor,48023
Texas,Bee,48025
Texas,Bell,48027
Texas,Bexar,48029
Texas,Blanco,48031
Texas,Borden,48033
Texas,Bosque,48035
Texas,Bowie,48037
Texas,Brazoria,48039
Texas,Brazos,48041
Texas,Brewster,48043
Texas,Briscoe,48045
Texas,Brooks,48047
Texas,Brown,48049
Texas,Burleson,48051
Texas,Burnet,48053
Texas,Caldwell,48055
Texas,Calhoun,48057
Texas,Callahan,48059
Texas,Cameron,48061
Texas,Camp,48063
Texas,Carson,48065
Texas,Cass,48067
Texas,Castro,48069
Texas,Chambers,48071
Texas,Cherokee,48073
Texas,Childress,48075
Texas,Clay,48077
Texas,Cochran,48079
Texas,Coke,48081
Texas,Coleman,48083
Texas,Collin,48085
Texas,Collingsworth,48087
Texas,Colorado,48089
Texas,Comal,48091
Texas,Comanche,48093
Texas,Concho,48095
Texas,Cooke,48097
Texas,Coryell,48099
Texas,Cottle,48101
Texas,Crane,48103
Texas,Crockett,48105
Texas,Crosby,48107
Texas,Culberson,48109
Texas,Dallam,48111
Texas,Dallas,48113
Texas,Dawson,48115
Texas,Deaf smith,48117
Texas,Delta,48119
Texas,Denton,48121
Texas,Dewitt,48123
Texas,Dickens,48125
Texas,Dimmit,48127
Texas,Donley,48129
Texas,Duval,48131
Texas,Eastland,48133
Texas,Ector,48135
Texas,Edwards,48137
Texas,Ellis,48139
Texas,El paso,48141
Texas,Erath,48143
Texas,Falls,48145
Texas,Fannin,48147
Texas,Fayette,48149
Texas,Fisher,48151
Texas,Floyd,48153
Texas,Foard,48155
Texas,Fort bend,48157
Texas,Franklin,48159
Texas,Freestone,48161
Texas,Frio,48163
Texas,Gaines,48165
Texas,Galveston,48167
Texas,Garza,48169
Texas,Gillespie,48171
Texas,Glasscock,48173
Texas,Goliad,48175
Texas,Gonzales,48177
Texas,Gray,48179
Texas,Grayson,48181
Texas,Gregg,48183
Texas,Grimes,48185
Texas,Guadalupe,48187
Texas,Hale,48189
Texas,Hall,48191
Texas,Hamilton,48193
Texas,Hansford,48195
Texas,Hardeman,48197
Texas,Hardin,48199
Texas,Harris,48201
Texas,Harrison,48203
Texas,Hartley,48205
Texas,Haskell,48207
Texas,Hays,48209
Texas,Hemphill,48211
Texas,Henderson,48213
Texas,Hidalgo,48215
Texas,Hill,48217
Texas,Hockley,48219
Texas,Hood,48221
Texas,Hopkins,48223
Texas,Houston,48225
Texas,Howard,48227
Texas,Hudspeth,48229
Texas,Hunt,48231
Texas,Hutchinson,48233
Texas,Irion,48235
Texas,Jack,48237
Texas,Jackson,48239
Texas,Jasper,48241
Texas,Jeff davis,48243
Texas,Jefferson,48245
Texas,Jim hogg,48247
Texas,Jim wells,48249
Texas,Johnson,48251
Texas,Jones,48253
Texas,Karnes,48255
Texas,Kaufman,48257
Texas,Kendall,48259
Texas,Kenedy,48261
Texas,Kent,48263
Texas,Kerr,48265
Texas,Kimble,48267
Texas,King,48269
Texas,Kinney,48271
Texas,Kleberg,48273
Texas,Knox,48275
Texas,Lamar,48277
Texas,Lamb,48279
Texas,Lampasas,48281
Texas,La salle,48283
Texas,Lavaca,48285
Texas,Lee,48287
Texas,Leon,48289
Texas,Liberty,48291
Texas,Limestone,48293
Texas,Lipscomb,48295
Texas,Live oak,48297
Texas,Llano,48299
Texas,Loving,48301
Texas,Lubbock,48303
Texas,Lynn,48305
Texas,Mcculloch,48307
Texas,Mclennan,48309
Texas,Mcmullen,48311
Texas,Madison,48313
Texas,Marion,48315
Texas,Martin,48317
Texas,Mason,48319
Texas,Matagorda,48321
Texas,Maverick,48323
Texas,Medina,48325
Texas,Menard,48327
Texas,Midland,48329
Texas,Milam,48331
Texas,Mills,48333
Texas,Mitchell,48335
Texas,Montague,48337
Texas,Montgomery,48339
Texas,Moore,48341
Texas,Morris,48343
Texas,Motley,48345
Texas,Nacogdoches,48347
Texas,Navarro,48349
Texas,Newton,48351
Texas,Nolan,48353
Texas,Nueces,48355
Texas,Ochiltree,48357
Texas,Oldham,48359
Texas,Orange,48361
Texas,Palo pinto,48363
Texas,Panola,48365
Texas,Parker,48367
Texas,Parmer,48369
Texas,Pecos,48371
Texas,Polk,48373
Texas,Potter,48375
Texas,Presidio,48377
Texas,Rains,48379
Texas,Randall,48381
Texas,Reagan,48383
Texas,Real,48385
Texas,Red river,48387
Texas,Reeves,48389
Texas,Refugio,48391
Texas,Roberts,48393
Texas,Robertson,48395
Texas,Rockwall,48397
Texas,Runnels,48399
Texas,Rusk,48401
Texas,Sabine,48403
Texas,San augustine,48405
Texas,San jacinto,48407
Texas,San patricio,48409
Texas,San saba,48411
Texas,Schleicher,48413
Texas,Scurry,48415
Texas,Shackelford,48417
Texas,Shelby,48419
Texas,Sherman,48421
Texas,Smith,48423
Texas,Somervell,48425
Texas,Starr,48427
Texas,Stephens,48429
Texas,Sterling,48431
Texas,Stonewall,48433
Texas,Sutton,48435
Texas,Swisher,48437
Texas,Tarrant,48439
Texas,Taylor,48441
Texas,Terrell,48443
Texas,Terry,48445
Texas,Throckmorton,48447
Texas,Titus,48449
Texas,Tom green,48451
Texas,Travis,48453
Texas,Trinity,48455
Texas,Tyler,48457
Texas,Upshur,48459
Texas,Upton,48461
Texas,Uvalde,48463
Texas,Val verde,48465
Texas,Van zandt,48467
Texas,Victoria,48469
Texas,Walker,48471
Texas,Waller,48473
Texas,Ward,48475
Texas,Washington,48477
Texas,Webb,48479
Texas,Wharton,48481
Texas,Wheeler,48483
Texas,Wichita,48485
Texas,Wilbarger,48487
Texas,Willacy,48489
Texas,Williamson,48491
Texas,Wilson,48493
Texas,Winkler,48495
Texas,Wise,48497
Texas,Wood,48499
Texas,Yoakum,48501
Texas,Young,48503
Texas,Zapata,48505
Texas,Zavala,48507
Utah,,49000
Utah,Beaver,49001
Utah,Box elder,49003
Utah,Cache,49005
Utah,Carbon,49007
Utah,Daggett,49009
Utah,Davis,49011
Utah,Duchesne,49013
Utah,Emery,49015
Utah,Garfield,49017
Utah,Grand,49019
Utah,Iron,49021
Utah,Juab,49023
Utah,Kane,49025
Utah,Millard,49027
Utah,Morgan,49029
Utah,Piute,49031
Utah,Rich,49033
Utah,Salt lake,49035
Utah,San juan,49037
Utah,Sanpete,49039
Utah,Sevier,49041
Utah,Summit,49043
Utah,Tooele,49045
Utah,Uintah,49047
Utah,Utah,49049
Utah,Wasatch,49051
Utah,Washington,49053
Utah,Wayne,49055
Utah,Weber,49057
Vermont,,50000
Vermont,Addison,50001
Vermont,Bennington,50003
Vermont,Caledonia,50005
Vermont,Chittenden,50007
Vermont,Essex,50009
Vermont,Franklin,50011
Vermont,Grand isle,50013
Vermont,Lamoille,50015
Vermont,Orange,50017
Vermont,Orleans,50019
Vermont,Rutland,50021
Vermont,Washington,50023
Vermont,Windham,50025
Vermont,Windsor,50027
Virginia,,51000
Virginia,Accomack,51001
Virginia,Albemarle,51003
Virginia,Alleghany,51005
Virginia,Amelia,51007
Virginia,Amherst,51009
Virginia,Appomattox,51011
Virginia,Arlington,51013
Virginia,Augusta,51015
Virginia,Bath,51017
Virginia,Bedford,51019
Virginia,Bland,51021
Virginia,Botetourt,51023
Virginia,Brunswick,51025
Virginia,Buchanan,51027
Virginia,Buckingham,51029
Virginia,Campbell,51031
Virginia,Caroline,51033
Virginia,Carroll,51035
Virginia,Charles city,51036
Virginia,Charlotte,51037
Virginia,Chesterfield,51041
Virginia,Clarke,51043
Virginia,Craig,51045
Virginia,Culpeper,51047
Virginia,Cumberland,51049
Virginia,Dickenson,51051
Virginia,Dinwiddie,51053
Virginia,Essex,51057
Virginia,Fairfax,51059
Virginia,Fauquier,51061
Virginia,Floyd,51063
Virginia,Fluvanna,51065
Virginia,Franklin,51067
Virginia,Frederick,51069
Virginia,Giles,51071
Virginia,Gloucester,51073
Virginia,Goochland,51075
Virginia,Grayson,51077
Virginia,Greene,51079
Virginia,Greensville,51081
Virginia,Halifax,51083
Virginia,Hanover,51085
Virginia,Henrico,51087
Virginia,Henry,51089
Virginia,Highland,51091
Virginia,Isle of wight,51093
Virginia,James city,51095
Virginia,King and queen,51097
Virginia,King george,51099
Virginia,King william,51101
Virginia,Lancaster,51103
Virginia,Lee,51105
Virginia,Loudoun,51107
Virginia,Louisa,51109
Virginia,Lunenburg,51111
Virginia,Madison,51113
Virginia,Mathews,51115
Virginia,Mecklenburg,51117
Virginia,Middlesex,51119
Virginia,Montgomery,51121
Virginia,Nelson,51125
Virginia,New kent,51127
Virginia,Northampton,51131
Virginia,Northumberland,51133
Virginia,Nottoway,51135
Virginia,Orange,51137
Virginia,Page,51139
Virginia,Patrick,51141
Virginia,Pittsylvania,51143
Virginia,Powhatan,51145
Virginia,Prince edward,51147
Virginia,Prince george,51149
Virginia,Prince william,51153
Virginia,Pulaski,51155
Virginia,Rappahannock,51157
Virginia,Richmond,51159
Virginia,Roanoke,51161
Virginia,Rockbridge,51163
Virginia,Rockingham,51165
Virginia,Russell,51167
Virginia,Scott,51169
Virginia,Shenandoah,51171
Virginia,Smyth,51173
Virginia,Southampton,51175
Virginia,Spotsylvania,51177
Virginia,Stafford,51179
Virginia,Surry,51181
Virginia,Sussex,51183
Virginia,Tazewell,51185
Virginia,Warren,51187
Virginia,Washington,51191
Virginia,Westmoreland,51193
Virginia,Wise,51195
Virginia,Wythe,51197
Virginia,York,51199
Virginia,Alexandria city,51510
Virginia,Bristol city,51520
Virginia,Buena vista city,51530
Virginia,Charlottesville city,51540
Virginia,Chesapeake city,51550
Virginia,Colonial heights city,51570
Virginia,Covington city,51580
Virginia,Danville city,51590
Virginia,Emporia city,51595
Virginia,Fairfax city,51600
Virginia,Falls church city,51610
Virginia,Franklin city,51620
Virginia,Fredericksburg city,51630
Virginia,Galax city,51640
Virginia,Hampton city,51650
Virginia,Harrisonburg city,51660
Virginia,Hopewell city,51670
Virginia,Lexington city,51678
Virginia,Lynchburg city,51680
Virginia,Manassas city,51683
Virginia,Manassas park city,51685
Virginia,Martinsville city,51690
Virginia,Newport news city,51700
Virginia,Norfolk city,51710
Virginia,Norton city,51720
Virginia,Petersburg city,51730
Virginia,Poquoson city,51735
Virginia,Portsmouth city,51740
Virginia,Radford city,51750
Virginia,Richmond city,51760
Virginia,Roanoke city,51770
Virginia,Salem city,51775
Virginia,Staunton city,51790
Virginia,Suffolk city,51800
Virginia,Virginia beach city,51810
Virginia,Waynesboro city,51820
Virginia,Williamsburg city,51830
Virginia,Winchester city,51840
Washington,,53000
Washington,Adams,53001
Washington,Asotin,53003
Washington,Benton,53005
Washington,Chelan,53007
Washington,Clallam,53009
Washington,Clark,53011
Washington,Columbia,53013
Washington,Cowlitz,53015
Washington,Douglas,53017
Washington,Ferry,53019
Washington,Franklin,53021
Washington,Garfield,53023
Washington,Grant,53025
Washington,Grays harbor,53027
Washington,Island,53029
Washington,Jefferson,53031
Washington,King,53033
Washington,Kitsap,53035
Washington,Kittitas,53037
Washington,Klickitat,53039
Washington,Lewis,53041
Washington,Lincoln,53043
Washington,Mason,53045
Washington,Okanogan,53047
Washington,Pacific,53049
Washington,Pend oreille,53051
Washington,Pierce,53053
Washington,San juan,53055
Washington,Skagit,53057
Washington,Skamania,53059
Washington,Snohomish,53061
Washington,Spokane,53063
Washington,Stevens,53065
Washington,Thurston,53067
Washington,Wahkiakum,53069
Washington,Walla walla,53071
Washington,Whatcom,53073
Washington,Whitman,53075
Washington,Yakima,53077
West virginia,,54000
West virginia,Barbour,54001
West virginia,Berkeley,54003
West virginia,Boone,54005
West virginia,Braxton,54007
West virginia,Brooke,54009
West virginia,Cabell,54011
West virginia,Calhoun,54013
West virginia,Clay,54015
West virginia,Doddridge,54017
West virginia,Fayette,54019
West virginia,Gilmer,54021
West virginia,Grant,54023
West virginia,Greenbrier,54025
West virginia,Hampshire,54027
West virginia,Hancock,54029
West virginia,Hardy,54031
West virginia,Harrison,54033
West virginia,Jackson,54035
West virginia,Jefferson,54037
West virginia,Kanawha,54039
West virginia,Lewis,54041
West virginia,Lincoln,54043
West virginia,Logan,54045
West virginia,Mcdowell,54047
West virginia,Marion,54049
West virginia,Marshall,54051
West virginia,Mason,54053
West virginia,Mercer,54055
West virginia,Mineral,54057
West virginia,Mingo,54059
West virginia,Monongalia,54061
West virginia,Monroe,54063
West virginia,Morgan,54065
West virginia,Nicholas,54067
West virginia,Ohio,54069
West virginia,Pendleton,54071
West virginia,Pleasants,54073
West virginia,Pocahontas,54075
West virginia,Preston,54077
West virginia,Putnam,54079
West virginia,Raleigh,54081
West virginia,Randolph,54083
West virginia,Ritchie,54085
West virginia,Roane,54087
West virginia,Summers,54089
West virginia,Taylor,54091
West virginia,Tucker,54093
West virginia,Tyler,54095
West virginia,Upshur,54097
West virginia,Wayne,54099
West virginia,Webster,54101
West virginia,Wetzel,54103
West virginia,Wirt,54105
West virginia,Wood,54107
West virginia,Wyoming,54109
Wisconsin,,55000
Wisconsin,Adams,55001
Wisconsin,Ashland,55003
Wisconsin,Barron,55005
Wisconsin,Bayfield,55007
Wisconsin,Brown,55009
Wisconsin,Buffalo,55011
Wisconsin,Burnett,55013
Wisconsin,Calumet,55015
Wisconsin,Chippewa,55017
Wisconsin,Clark,55019
Wisconsin,Columbia,55021
Wisconsin,Crawford,55023
Wisconsin,Dane,55025
Wisconsin,Dodge,55027
Wisconsin,Door,55029
Wisconsin,Douglas,55031
Wisconsin,Dunn,55033
Wisconsin,Eau claire,55035
Wisconsin,Florence,55037
Wisconsin,Fond du lac,55039
Wisconsin,Forest,55041
Wisconsin,Grant,55043
Wisconsin,Green,55045
Wisconsin,Green lake,55047
Wisconsin,Iowa,55049
Wisconsin,Iron,55051
Wisconsin,Jackson,55053
Wisconsin,Jefferson,55055
Wisconsin,Juneau,55057
Wisconsin,Kenosha,55059
Wisconsin,Kewaunee,55061
Wisconsin,La crosse,55063
Wisconsin,Lafayette,55065
Wisconsin,Langlade,55067
Wisconsin,Lincoln,55069
Wisconsin,Manitowoc,55071
Wisconsin,Marathon,55073
Wisconsin,Marinette,55075
Wisconsin,Marquette,55077
Wisconsin,Menominee,55078
Wisconsin,Milwaukee,55079
Wisconsin,Monroe,55081
Wisconsin,Oconto,55083
Wisconsin,Oneida,55085
Wisconsin,Outagamie,55087
Wisconsin,Ozaukee,55089
Wisconsin,Pepin,55091
Wisconsin,Pierce,55093
Wisconsin,Polk,55095
Wisconsin,Portage,55097
Wisconsin,Price,55099
Wisconsin,Racine,55101
Wisconsin,Richland,55103
Wisconsin,Rock,55105
Wisconsin,Rusk,55107
Wisconsin,St. croix,55109
Wisconsin,Sauk,55111
Wisconsin,Sawyer,55113
Wisconsin,Shawano,55115
Wisconsin,Sheboygan,55117
Wisconsin,Taylor,55119
Wisconsin,Trempealeau,55121
Wisconsin,Vernon,55123
Wisconsin,Vilas,55125
Wisconsin,Walworth,55127
Wisconsin,Washburn,55129
Wisconsin,Washington,55131
Wisconsin,Waukesha,55133
Wisconsin,Waupaca,55135
Wisconsin,Waushara,55137
Wisconsin,Winnebago,55139
Wisconsin,Wood,55141
Wyoming,,56000
Wyoming,Albany,56001
Wyoming,Big horn,56003
Wyoming,Campbell,56005
Wyoming,Carbon,56007
Wyoming,Converse,56009
Wyoming,Crook,56011
Wyoming,Fremont,56013
Wyoming,Goshen,56015
Wyoming,Hot springs,56017
Wyoming,Johnson,56019
Wyoming,Laramie,56021
Wyoming,Lincoln,56023
Wyoming,Natrona,56025
Wyoming,Niobrara,56027
Wyoming,Park,56029
Wyoming,Platte,56031
Wyoming,Sheridan,56033
Wyoming,Sublette,56035
Wyoming,Sweetwater,56037
Wyoming,Teton,56039
Wyoming,Uinta,56041
Wyoming,Washakie,56043
Wyoming,Weston,56045
Puerto rico,,72000
Puerto rico,Adjuntas municipio,72001
Puerto rico,Aguada municipio,72003
Puerto rico,Aguadilla municipio,72005
Puerto rico,Aguas buenas municipio,72007
Puerto rico,Aibonito municipio,72009
Puerto rico,Añasco municipio,72011
Puerto rico,Arecibo municipio,72013
Puerto rico,Arroyo municipio,72015
Puerto rico,Barceloneta municipio,72017
Puerto rico,Barranquitas municipio,72019
Puerto rico,Bayamón municipio,72021
Puerto rico,Cabo rojo municipio,72023
Puerto rico,Caguas municipio,72025
Puerto rico,Camuy municipio,72027
Puerto rico,Canóvanas municipio,72029
Puerto rico,Carolina municipio,72031
Puerto rico,Cataño municipio,72033
Puerto rico,Cayey municipio,72035
Puerto rico,Ceiba municipio,72037
Puerto rico,Ciales municipio,72039
Puerto rico,Cidra municipio,72041
Puerto rico,Coamo municipio,72043
Puerto rico,Comerío municipio,72045
Puerto rico,Corozal municipio,72047
Puerto rico,Culebra municipio,72049
Puerto rico,Dorado municipio,72051
Puerto rico,Fajardo municipio,72053
Puerto rico,Florida municipio,72054
Puerto rico,Guánica municipio,72055
Puerto rico,Guayama municipio,72057
Puerto rico,Guayanilla municipio,72059
Puerto rico,Guaynabo municipio,72061
Puerto rico,Gurabo municipio,72063
Puerto rico,Hatillo municipio,72065
Puerto rico,Hormigueros municipio,72067
Puerto rico,Humacao municipio,72069
Puerto rico,Isabela municipio,72071
Puerto rico,Jayuya municipio,72073
Puerto rico,Juana díaz municipio,72075
Puerto rico,Juncos municipio,72077
Puerto rico,Lajas municipio,72079
Puerto rico,Lares municipio,72081
Puerto rico,Las marías municipio,72083
Puerto rico,Las piedras municipio,72085
Puerto rico,Loíza municipio,72087
Puerto rico,Luquillo municipio,72089
Puerto rico,Manatí municipio,72091
Puerto rico,Maricao municipio,72093
Puerto rico,Maunabo municipio,72095
Puerto rico,Mayagüez municipio,72097
Puerto rico,Moca municipio,72099
Puerto rico,Morovis municipio,72101
Puerto rico,Naguabo municipio,72103
Puerto rico,Naranjito municipio,72105
Puerto rico,Orocovis municipio,72107
Puerto rico,Patillas municipio,72109
Puerto rico,Peñuelas municipio,72111
Puerto rico,Ponce municipio,72113
Puerto rico,Quebradillas municipio,72115
Puerto rico,Rincón municipio,72117
Puerto rico,Río grande municipio,72119
Puerto rico,Sabana grande municipio,72121
Puerto rico,Salinas municipio,72123
Puerto rico,San germán municipio,72125
Puerto rico,San juan municipio,72127
Puerto rico,San lorenzo municipio,72129
Puerto rico,San sebastián municipio,72131
Puerto rico,Santa isabel municipio,72133
Puerto rico,Toa alta municipio,72135
Puerto rico,Toa baja municipio,72137
Puerto rico,Trujillo alto municipio,72139
Puerto rico,Utuado municipio,72141
Puerto rico,Vega alta municipio,72143
Puerto rico,Vega baja municipio,72145
Puerto rico,Vieques municipio,72147
Puerto rico,Villalba municipio,72149
Puerto rico,Yabucoa municipio,72151
Puerto rico,Yauco municipio,72153
